FF-4009-EK,0,8/17/2017
FF-1023-001,0,8/30/2017
FF-4009-003,0,8/24/2017
FF-4009-JS,0,8/30/2017
FF-1043-002,0,8/17/2017
FF-1023-002,0,8/17/2017
FF-1043-001,0,8/31/2017
AGT-KAL-DBJN-3632,0,9/6/2017
AGT-KAL-DBJN-3830,0,9/6/2017
AGT-GMY-BKBK-4M,0,8/17/2017
AGT-KAL-FBJN-3432,0,9/6/2017
AGT-KAL-DBJN-3432,0,9/6/2017
AGT-KAL-FBJN-3834,0,9/6/2017
AGT-KAL-DBJN-3230,0,8/17/2017
AGT-KAL-DBJN-3630,0,9/6/2017
AGT-KAL-FBJN-3634,0,8/17/2017
AGT-XSO-BKBK-4M,0,
FF-40131-3S,0,8/17/2017
AGS-PWP-BKBK-36,0,8/30/2017
FF-1043-007,0,8/17/2017
AGT-GMY-BKBK-6XL,0,8/17/2017
AGT-KAL-FBJN-3830,0,9/6/2017
AGT-KAP-BKJN-3434,0,8/17/2017
FF-20122-4M,0,8/17/2017
FF-3014-5L,0,9/28/2017
AGS-PWP-BKBK-40,0,8/30/2017
AGT-LAK-DBJN-4R,0,8/17/2017
AGS-JCP-BKBK-44,0,8/30/2017
AGS-JWW-BKBK-40,0,8/30/2017
AGS-PWP-BKBK-38,0,8/30/2017
AGT-KAL-DBJN-3634,0,9/6/2017
AGT-LAK-DBJN-6L,0,8/17/2017
FF-20122-5L,0,8/17/2017
SDS-GAS-BKBK-43,0,9/21/2017
AGT-KAL-FBJN-3836,0,9/6/2017
SDS-ART-BKBK-45,0,8/31/2017
AGT-KAL-DBJN-3834,0,9/6/2017
AGT-KCO-BLJN-3430,0,10/26/2017
AGT-XSS-BKBK-4M,0,
SIS-COA-BKBK-43,0,8/24/2017
AGS-JCP-BKBK-40,0,8/30/2017
AGT-KAP-BKJN-3230,0,8/17/2017
AGT-KAP-BKJN-3432,0,8/17/2017
AGT-KBW-BKBK-3832,0,9/6/2017
AGT-TBLC-BK,0,9/14/2017
AGT-TLT-BKBK-5L,0,9/14/2017
SIS-ROR-BKBK-45,0,8/24/2017
SIS-ZM1-SR-WH,0,12/14/2017
AGS-GSV-BKBK-3S,0,9/14/2017
AGS-GSV-BKBK-7XXL,0,9/14/2017
AGT-KAL-DBJN-3836,0,8/17/2017
AGT-KAL-FBJN-3632,0,9/6/2017
AGT-KAL-FBJN-3832,0,9/6/2017
SID-ZC2-UP-WH,0,11/23/2017
SID-ZCF-QTS-W10PK,0,8/24/2017
AGS-JDR-BKRD-44,0,8/30/2017
AGS-JTR-BKBK-6XL,0,8/17/2017
AGS-JWW-BKBK-46,0,8/30/2017
AGT-JCL-BKBK-5L,0,8/17/2017
AGT-KAP-BLJN-3430,0,9/6/2017
AGT-LAK-DBJN-10R,0,8/17/2017
AGT-TSO-BKRD-5L,0,
FF-4004-JA,0,8/30/2017
SDS-ART-BRBR-46,0,8/31/2017
SID-C2T-BKWH-44,0,8/24/2017
SID-ZSE-BK-4142,0,8/24/2017
SIS-FUS-BKBK-46,0,8/24/2017
AGT-KAL-FBJN-3630,0,9/6/2017
AGT-KAP-BKJN-3634,0,8/17/2017
AGT-KAP-BKJN-3832,0,9/6/2017
AGT-KBW-BKBK-3630,0,9/6/2017
AGT-KCO-BLJN-3030,0,8/17/2017
AGT-LAK-DBJN-14R,0,10/26/2017
AGT-LAK-DBJN-8L,0,10/26/2017
AGT-TVR-BGMR-4M,0,
AGT-XSO-BKBK-3S,0,
FF-2014-4M,0,8/17/2017
FF-3017-5L,0,
SIS-COA-BKBK-50,0,9/21/2017
SIS-ZCO-HC-BKRD,0,12/14/2017
206315,0,11/23/2017
AGS-GLG-BKBK-7XXL,0,
AGS-GST-BKBK-5L,0,
AGS-JAT-BKRD-40,0,10/26/2017
AGS-JCP-BKBK-50,0,8/30/2017
AGS-LXNT-BKWH-3S,0,8/17/2017
AGS-SPD-BKRW-52,0,
AGT-KAP-BKJN-3430,0,8/17/2017
AGT-KAP-BKJN-3630,0,9/6/2017
AGT-KAP-BKJN-3834,0,9/6/2017
AGT-KAP-BKJN-3836,0,9/6/2017
AGT-KAP-BLJN-3630,0,10/19/2017
AGT-KBW-BKBK-3434,0,9/6/2017
AGT-KBW-BKBK-3634,0,9/6/2017
AGT-KBW-BKBK-3830,0,9/6/2017
AGT-KCO-BLJN-4234,0,10/26/2017
AGT-TLT-BKBK-4M,0,9/14/2017
AGT-TPT-BKBK-3S,0,9/14/2017
AGT-TSA-SAND-5L,0,9/14/2017
AGT-XAR-GYBK-5L,0,9/14/2017
AGT-ZKP-KS,0,
FF-3027-5L,0,
SDS-ART-BRBR-45,0,8/31/2017
SID-AGU-BKBK-46,0,9/21/2017
SID-ZSE-BK-4748,0,8/24/2017
SIS-STA-BKBK-42,0,8/24/2017
SIS-VOA-WHBK-42,0,11/23/2017
SIS-ZVO-TC11-BK,0,8/24/2017
SIT-GGL-BKBK-42,0,8/24/2017
206313,0,
206344,0,11/23/2017
206401,0,
206508,0,
206818,0,8/24/2017
AGS-GLG-BKBK-5L,0,10/26/2017
AGS-GLG-BKBK-6XL,0,10/26/2017
AGS-GLG-RDBK-4M,0,
AGS-GLG-RDBK-7XXL,0,10/26/2017
AGS-GST-BKBK-6XL,0,
AGS-JCP-BKBK-42,0,8/30/2017
AGS-JCP-BKBK-48,0,8/30/2017
AGS-JDR-BKHV-40,0,8/30/2017
AGS-LEP-BKWH-3S,0,10/26/2017
AGS-LEP-BKWH-4M,0,10/26/2017
AGS-LST-BKPR-4M,0,
AGS-SPD-BKBK-42,0,8/30/2017
AGS-SPD-BKFY-52,0,8/30/2017
AGS-SPD-BKRW-42,0,8/30/2017
AGS-SPD-BKRW-46,0,8/30/2017
AGS-SPD-BKRW-50,0,
AGT-GBL-BKBK-4M,0,9/14/2017
AGT-GMY-BKBL-6XL,0,8/17/2017
AGT-GMY-BKHV-4M,0,
AGT-JCL-BKBK-4M,0,8/17/2017
AGT-JEL-VNBR-8XXXL,0,8/30/2017
AGT-KAP-BKJN-3030,0,10/19/2017
AGT-KAP-BKJN-3632,0,8/17/2017
AGT-KAP-BKJN-3636,0,9/6/2017
AGT-KAP-BKJN-3830,0,9/6/2017
AGT-KAP-BLJN-3830,0,9/6/2017
AGT-KAP-BLJN-3836,0,9/6/2017
AGT-KBW-BKBK-3232,0,8/17/2017
AGT-KBW-BKBK-3430,0,9/6/2017
AGT-KBW-BKBK-3432,0,8/17/2017
AGT-KBW-BKBK-3632,0,8/17/2017
AGT-KBW-BKBK-3836,0,9/6/2017
AGT-KCO-BLJN-4034,0,10/26/2017
AGT-KCO-BLJN-4432,0,8/17/2017
AGT-KEX-BKBK-3434,0,10/26/2017
AGT-KEX-OLIV-3230,0,10/26/2017
AGT-KEX-OLIV-4034,0,10/26/2017
AGT-LAK-DBJN-10L,0,8/17/2017
AGT-LAK-DBJN-12S,0,10/26/2017
AGT-LAK-DBJN-2L,0,10/26/2017
AGT-TSO-BKFY-8XXXL,0,
AGT-XAR-GYBK-4M,0,
AGT-XTR-BKBK-8XXXL,0,8/17/2017
FF-3027-3S,0,
FF-3027-4M,0,
FF-6001L-4M,0,
FF-6003-6XL,0,8/17/2017
SDS-GAS-BKFY-40,0,12/14/2017
SDS-GAS-BKFY-41,0,9/21/2017
SID-ZC2-CA-BK,0,11/23/2017
SID-ZC2-RU-BK,0,
SID-ZC2-UP-GY,0,11/23/2017
SID-ZPOP-C2SWD,0,
SIS-APX-BKBK-45,0,9/21/2017
SIS-FUL-BKBK-40,0,8/24/2017
SIS-FUS-BKBK-47,0,9/21/2017
SIS-FUS-BKBK-49,0,8/24/2017
SIS-FUS-BKBK-50,0,
SIS-MA1-BKFY-46,0,9/21/2017
SIS-SBR-BKBK-43,0,8/24/2017
SIS-STA-BKBK-46,0,8/24/2017
SIS-STS-BKWH-46,0,
SIS-VOA-WHBK-46,0,11/23/2017
SIS-VOA-WHBK-47,0,11/23/2017
SIS-ZC2ST-BU-LB,0,11/23/2017
SIS-ZM1-MT3-3S,0,11/23/2017
SIT-ALG-BKBK-50,0,8/24/2017
SIT-ARG-BKBK-42,0,9/21/2017
SIT-ZIS-WH-46,0,8/24/2017
SIT-ZMS-BK-3S,0,
VED-TAKU-MTBK-7XXL,0,
VED-ZVRX9-VI-TRLB,0,
206200,0,
206314,0,8/24/2017
206316,0,
206318,0,
206342,0,11/23/2017
206343,0,8/24/2017
206346,0,11/23/2017
206347,0,
206350,0,
206351,0,
206352,0,
206353,0,
206354,0,
206410,0,
206411,0,
206412,0,
206422,0,
206702,0,
206703,0,
206708,0,11/23/2017
206709,0,
206711,0,
206714,0,
206715,0,
206719,0,
206721,0,
206722,0,
206724,0,
206725,0,
206726,0,
206729,0,
206732,0,
206747,0,
206816,0,
206820,0,8/24/2017
206828,0,
206829,0,
206868,0,
206903,0,11/23/2017
206906,0,
206909,0,11/23/2017
206913,0,8/24/2017
206921,0,
206926,0,
206931,0,
206934,0,
206939,0,12/14/2017
207110,0,
208110,0,
208210,0,
208220,0,
208221,0,
208222,0,
208223,0,
208224,0,
208228,0,
208400,0,
208505,0,
208601,0,
10720001003,0,
10720001004,0,
10720002004,0,
10930000410,0,12/7/2017
10930000430,0,9/21/2017
10930000450,0,9/21/2017
10930000500,0,9/21/2017
032-05-0870,0,9/21/2017
032-07-0207,0,
032-15-0870,0,8/24/2017
AGS-GLG-BKBK-4M,0,
AGS-GLG-BLBK-4M,0,10/26/2017
AGS-GLG-BLBK-5L,0,10/26/2017
AGS-GLG-BLBK-7XXL,0,
AGS-GLG-RDBK-3S,0,
AGS-GLG-RDBK-5L,0,10/26/2017
AGS-GLG-RDBK-6XL,0,
AGS-GRV-BKBK-3S,0,
AGS-GRV-BKBK-4M,0,
AGS-GRV-BKBK-5L,0,
AGS-GRV-BKBK-6XL,0,
AGS-GRV-BKBK-7XXL,0,
AGS-GRV-RDRD-3S,0,
AGS-GRV-RDRD-4M,0,
AGS-GRV-RDRD-5L,0,
AGS-GRV-RDRD-6XL,0,
AGS-GRV-RDRD-7XXL,0,
AGS-GRV-WHWH-3S,0,
AGS-GRV-WHWH-4M,0,
AGS-GRV-WHWH-5L,0,
AGS-GRV-WHWH-6XL,0,
AGS-GRV-WHWH-7XXL,0,
AGS-GST-BKBK-7XXL,0,
AGS-GTW-BKBK-8XXXL,0,
AGS-HTQ-BKBK-3S,0,8/17/2017
AGS-HTQ-GYBK-4M,0,
AGS-HTQ-GYBK-5L,0,8/17/2017
AGS-JAT-BKBK-40,0,10/26/2017
AGS-JAT-BKRD-42,0,10/26/2017
AGS-JAT-BKWH-40,0,10/26/2017
AGS-JAT-BKWH-42,0,10/26/2017
AGS-JAT-BKWH-50,0,10/26/2017
AGS-JDR-BKBK-46,0,8/30/2017
AGS-JDR-BKBK-52,0,8/30/2017
AGS-JDR-BKBL-40,0,
AGS-JDR-BKBL-42,0,
AGS-JDR-BKBL-44,0,8/30/2017
AGS-JDR-BKBL-46,0,
AGS-JDR-BKBL-48,0,
AGS-JDR-BKBL-50,0,
AGS-JDR-BKBL-52,0,
AGS-JDR-BKHV-42,0,8/30/2017
AGS-LLO-BKWH-3S,0,
AGS-LST-BKPK-2XS,0,
AGS-MKS-BKBK,0,8/30/2017
AGS-SPD-BKBK-38,0,
AGS-SPD-BKBK-39,0,
AGS-SPD-BKBK-40,0,8/30/2017
AGS-SPD-BKBK-48,0,
AGS-SPD-BKBK-50,0,8/30/2017
AGS-SPD-BKBK-52,0,
AGS-SPD-BKFY-38,0,8/30/2017
AGS-SPD-BKFY-39,0,
AGS-SPD-BKFY-42,0,8/30/2017
AGS-SPD-BKFY-50,0,8/30/2017
AGS-SPD-BKRW-38,0,8/30/2017
AGS-SPD-BKRW-39,0,
AGS-SPD-BKRW-40,0,8/30/2017
AGS-SPD-BKRW-44,0,
AGS-SPD-BKRW-48,0,8/30/2017
AGS-SVA-BKBK-52,0,
AGS-TNV-BKHV-4M,0,
AGS-TNV-BKHV-5L,0,
AGS-TNV-BKHV-6XL,0,
AGS-TNV-BKHV-7XXL,0,
AGS-TNV-GYBK-4M,0,
AGS-TNV-GYBK-6XL,0,
AGS-ZPOP-6RD,0,
AGS-ZPOP-BNL,0,
AGS-ZPT-GY-5L,0,
AGT-GBL-BKBK-5L,0,9/14/2017
AGT-GMY-BKBL-7XXL,0,8/17/2017
AGT-GTR-BKBK-6XL,0,8/17/2017
AGT-GTR-BKBK-7XXL,0,8/17/2017
AGT-JCL-BKBK-7XXL,0,8/17/2017
AGT-JCL-BKBK-8XXXL,0,8/17/2017
AGT-JEL-VNBR-6XL,0,
AGT-KAL-FBJN-3430,0,10/19/2017
AGT-KAP-BKJN-3032,0,9/6/2017
AGT-KAP-BKJN-3232,0,8/17/2017
AGT-KAP-BKJN-3436,0,
AGT-KAP-BLJN-3632,0,9/6/2017
AGT-KAP-BLJN-3832,0,10/19/2017
AGT-KAP-BLJN-3834,0,10/19/2017
AGT-KBW-BKBK-3030,0,10/19/2017
AGT-KBW-BKBK-3032,0,9/6/2017
AGT-KBW-BKBK-3230,0,9/6/2017
AGT-KBW-BKBK-3834,0,9/6/2017
AGT-KCO-BLJN-3236,0,8/17/2017
AGT-KCO-BLJN-3432,0,8/17/2017
AGT-KCO-BLJN-3636,0,
AGT-KCO-BLJN-3830,0,8/17/2017
AGT-KCO-BLJN-3832,0,10/26/2017
AGT-KCO-BLJN-4030,0,
AGT-KCO-BLJN-4036,0,8/17/2017
AGT-KCO-BLJN-4236,0,8/17/2017
AGT-KCO-BLJN-4436,0,10/26/2017
AGT-KEX-BKBK-3030,0,8/17/2017
AGT-KEX-BKBK-3032,0,8/17/2017
AGT-KEX-BKBK-3034,0,10/26/2017
AGT-KEX-BKBK-3036,0,10/26/2017
AGT-KEX-BKBK-3234,0,8/17/2017
AGT-KEX-BKBK-3430,0,
AGT-KEX-BKBK-3436,0,8/17/2017
AGT-KEX-BKBK-3630,0,8/17/2017
AGT-KEX-BKBK-3634,0,8/17/2017
AGT-KEX-BKBK-3834,0,10/26/2017
AGT-KEX-BKBK-3836,0,10/26/2017
AGT-KEX-BKBK-4032,0,8/17/2017
AGT-KEX-BKBK-4034,0,8/17/2017
AGT-KEX-BKBK-4036,0,
AGT-KEX-BKBK-4234,0,
AGT-KEX-BKBK-4434,0,
AGT-KEX-OLIV-3030,0,10/26/2017
AGT-KEX-OLIV-3034,0,
AGT-KEX-OLIV-3234,0,
AGT-KEX-OLIV-3434,0,10/26/2017
AGT-KEX-OLIV-3834,0,
AGT-KEX-OLIV-3836,0,10/26/2017
AGT-KEX-OLIV-4032,0,10/26/2017
AGT-KSJ-BLJN-2XS,0,
AGT-KSJ-BLJN-3S,0,
AGT-KSJ-BLJN-4M,0,
AGT-KSJ-BLJN-5L,0,
AGT-KSJ-BLJN-6XL,0,
AGT-KSJ-BLJN-7XXL,0,
AGT-LAK-DBJN-10S,0,10/26/2017
AGT-LAK-DBJN-8S,0,10/26/2017
AGT-TAT-BKBK-3S,0,
AGT-TAT-BKBK-4M,0,
AGT-TAT-BKBK-5L,0,
AGT-TAT-BKBK-6XL,0,
AGT-TAT-BKBK-7XXL,0,
AGT-TAT-GYBK-3S,0,
AGT-TAT-GYBK-4M,0,
AGT-TAT-GYBK-5L,0,
AGT-TAT-GYBK-6XL,0,
AGT-TAT-GYBK-7XXL,0,
AGT-TBL-BKBL-3S,0,
AGT-TBL-BKBL-5L,0,
AGT-TBL-BKBL-8XXXL,0,
AGT-TBL-BKFY-3S,0,
AGT-TBL-BKFY-5L,0,
AGT-TBL-BKRD-8XXXL,0,
AGT-TLT-BKBK-6XL,0,9/14/2017
AGT-TPT-BKBK-4M,0,9/14/2017
AGT-TPT-BKBK-6XL,0,9/14/2017
AGT-TSO-BKBK-8XXXL,0,
AGT-TSO-BKRB-3S,0,
AGT-TSO-BKRB-7XXL,0,
AGT-TVR-BGMB-7XXL,0,
AGT-TVR-BKGM-4M,0,
AGT-XAR-BKBK-5L,0,
AGT-XAR-GYBK-3S,0,9/14/2017
AGT-XAR-GYBK-6XL,0,
AGT-XTS-BKBK-7XXL,0,8/17/2017
AGT-XTS-BKBK-8XXXL,0,8/17/2017
AGT-ZKSJ-SH,0,
FF-1004-6XL,0,
FF-20112-4M,0,8/17/2017
FF-20112-5L,0,8/17/2017
FF-30060-2XS,0,8/31/2017
FF-30060-3S,0,9/28/2017
FF-30060-4M,0,9/28/2017
FF-30060-5L,0,8/31/2017
FF-30060-7XXL,0,8/31/2017
FF-30121-2XS,0,
FF-30121-3S,0,
FF-30121-4M,0,
FF-30121-5L,0,
FF-30121-6XL,0,
FF-30121-7XXL,0,
FF-3017-6XL,0,
FF-30232-2XS,0,
FF-30232-3S,0,
FF-30232-4M,0,
FF-30232-5L,0,
FF-30260-5L,0,8/30/2017
FF-30260-7XXL,0,9/28/2017
FF-3026-7XXL,0,
FF-3027-6XL,0,
FF-3029-3S,0,
FF-5003,0,
FF-5005-3S,0,
FF-5005-4M,0,
FF-6001-4M,0,9/28/2017
FF-6001-5L,0,8/17/2017
FF-6001L-6XL,0,
FF-6003-3S,0,
FF-6003L-3S,0,
FF-6003L-4M,0,
FF-6003L-5L,0,
FF-6012-5L,0,
FF-ZDEC-10,0,
FF-ZDEC-1504,0,
FF-ZPOP-EVOD,0,
FF-ZPOS-14,0,
FF-ZPOS-15,0,
FF-ZPOS-19,0,
SDS-ART-BRBR-40,0,9/21/2017
SDS-GAS-BKBK-40,0,9/21/2017
SDS-GAS-BKBK-47,0,9/21/2017
SDS-GAS-BKFY-47,0,9/21/2017
SDS-GSL-GYGY-37,0,9/21/2017
SID-AGU-BKBK-45,0,9/21/2017
SID-AGU-BKBK-48,0,11/23/2017
SID-AGU-BKWH-46,0,
SID-C2S-BKRD-48,0,
SID-C2S-LBBK-48,0,9/21/2017
SID-C2T-BKFO-44,0,
SID-C2T-BKFO-45,0,
SID-C2T-BKFO-46,0,
SID-C2T-BKWH-45,0,8/24/2017
SID-C3S-BKBK-40,0,8/24/2017
SID-C3S-BKBK-41,0,8/24/2017
SID-DIS-BKBK-42,0,
SID-DIS-BKBK-43,0,
SID-DIS-BKBK-44,0,
SID-DIS-BKBK-45,0,
SID-DIS-BKBK-46,0,
SID-DIS-BKBK-48,0,
SID-DR1-BKBK-40,0,
SID-DR1-BKBK-42,0,
SID-TRZ-BKBK-44,0,
SID-TRZ-BKBK-45,0,
SID-TRZ-BKBK-46,0,
SID-TRZ-BKBK-47,0,
SID-TRZ-WHBK-42,0,
SID-TRZ-WHBK-43,0,
SID-TRZ-WHBK-44,0,
SID-TRZ-WHBK-45,0,
SID-TRZ-WHBK-46,0,
SID-TRZ-WHBK-47,0,
SID-XTR-BKBK-50,0,
SID-XTR-BKFO-47,0,8/24/2017
SID-ZC2-CA-AS,0,
SID-ZC2-CA-BL,0,
SID-ZC2-CA-GY,0,
SID-ZC2-CS-AS,0,11/23/2017
SID-ZC2-CS-AS-44,0,11/23/2017
SID-ZC2-CS-BL,0,11/23/2017
SID-ZC2-CS-BL-44,0,11/23/2017
SID-ZC2-CS-GY,0,11/23/2017
SID-ZC2-CS-GY-44,0,
SID-ZC2-CS-WH,0,11/23/2017
SID-ZC2-CS-WH-44,0,12/14/2017
SID-ZC2-RU-GY,0,
SID-ZC2-SP-BK,0,8/24/2017
SID-ZC2-SP-FYLB,0,
SID-ZC2-SP-WB,0,
SID-ZC2-SP-WO,0,
SID-ZC2-SP-WR,0,
SID-ZC2ST-SR-FR,0,11/23/2017
SID-ZC2ST-SR-LB,0,11/23/2017
SID-ZC2ST-STX-FG,0,
SID-ZC2-UP-BK,0,8/24/2017
SID-ZC3-UP-AS,0,8/24/2017
SID-ZCFR-PIV-CN,0,11/23/2017
SIS-APX-BKBK-41,0,11/23/2017
SIS-COA-BKBK-42,0,9/21/2017
SIS-COA-BKBK-47,0,8/24/2017
SIS-COB-BKBK-41,0,9/21/2017
SIS-COB-BKBK-47,0,9/21/2017
SIS-COG-BKBK-47,0,9/21/2017
SIS-FUL-BKBK-38,0,8/24/2017
SIS-FUL-BKBK-41,0,9/21/2017
SIS-ROR-BKWH-45,0,11/23/2017
SIS-SBR-BKBK-46,0,11/23/2017
SIS-STA-BKBK-48,0,9/21/2017
SIS-STA-BKBK-50,0,
SIS-STS-BKBK-48,0,
SIS-STS-BKWH-42,0,
SIS-ZBX-VO-2015,0,
SIS-ZC2ST-BU-BL,0,11/23/2017
SIS-ZC2ST-BU-FG,0,
SIS-ZC2ST-BU-FR,0,11/23/2017
SIS-ZC2ST-STL-AS,0,11/23/2017
SIS-ZC2ST-STL-FO,0,11/23/2017
SIS-ZC2ST-STS-AS,0,11/23/2017
SIS-ZC2ST-STX-FR,0,11/23/2017
SIS-ZC2ST-STX-YL,0,11/23/2017
SIS-ZM1-HC-BK,0,
SIS-ZM1-HC-WH,0,
SIS-ZM1-SP-BK,0,12/14/2017
SIS-ZST-SR-GY,0,
SIS-ZVC-WHWH-NA,0,
SIS-ZVO-SI2-BK,0,8/24/2017
SIT-AG2-BKBK-39,0,8/24/2017
SIT-ALG-BKBK-42,0,8/24/2017
SIT-ALG-BKBK-47,0,9/21/2017
SIT-ALG-BKBK-49,0,
SIT-ARG-BKBK-44,0,9/21/2017
SIT-GGL-BKBK-37,0,9/21/2017
SIT-ZCH-BL-5L,0,
SIT-ZCH-WHWH-3S,0,
SIT-ZCH-WHWH-4M,0,
SIT-ZCH-WHWH-5L,0,
SIT-ZCH-WHWH-6XL,0,
SIT-ZHS-GY-3S,0,
SIT-ZHS-GY-5L,0,
SIT-ZIS-WH-43,0,11/23/2017
SIT-ZIS-WH-44,0,11/23/2017
SIT-ZIS-WH-49,0,
SIT-ZKS-BK-46,0,
SIT-ZNIT-T38,0,8/24/2017
SIT-ZPOP-GSWD,0,
SIT-ZSL-BK-41,0,8/24/2017
SIT-ZSL-BK-47,0,11/23/2017
SIT-ZSL-BK-48,0,
SIT-ZSL-BK-50,0,
VED-TAKU-MTBK-2XS,0,
VED-ZTKU-CPKT-2XS,0,8/31/2017
VED-ZTKU-CPKT-3S,0,8/31/2017
VED-ZTKU-CPKT-4M,0,8/31/2017
VED-ZTKU-CPKT-5L,0,8/31/2017
VED-ZTKU-CPKT-6XL,0,8/31/2017
VED-ZTKU-CPKT-7XXL,0,8/31/2017
VED-ZTKU-PKEG-C701,0,9/21/2017
VED-ZTKU-PKEG-C706,0,8/31/2017
VED-ZTKU-PKEG-C708,0,9/21/2017
VED-ZTKU-PKIG-C712,0,8/31/2017
VED-ZTKU-PK-KT,0,8/31/2017
VED-ZTKU-PKSC-MB,0,8/31/2017
VED-ZTKU-PKSG-C715,0,9/21/2017
VED-ZTKU-PKSG-C717,0,9/21/2017
VED-ZVRX5-CP-3S,0,
VED-ZVRX5-VI-PRRD,0,
VED-ZVRX7-CP-7XXL,0,
VED-ZVRX7-LI-5L,0,
VED-ZVRX7-LI-6XL,0,
VED-ZVRX7-VI-SNBL,0,
VED-ZVRX9-LI-3S,0,
VED-ZVRX9-LI-4M,0,
VED-ZVRX9-LI-5L,0,
VED-ZVRX9-LI-6XL,0,
VED-ZVRX9-VI-DCBO,0,
VED-ZVRX9-VI-KT,0,
VED-ZVRX9-VI-MTOR,0,
VED-ZVRX9-VI-SPGY,0,
VED-ZVRX9-VI-TRBL,0,
VED-ZVRX9-VI-TROR,0,
VED-ZVRX9-VI-TRRD,0,
VED-ZVRX9-VI-TRWH,0,
VES-ZEC2-SH-KTCH,0,
VES-ZECL-CP-2XS,0,
VES-ZECL-CP-4M,0,
VES-ZECL-FV-WH,0,
VES-ZECL-LI-3S,0,
VES-ZECL-RE-WH,0,
VES-ZECL-RS-BK,0,
VES-ZECL-SH-00,0,
VES-ZECL-SH-50,0,
VES-ZECL-TV-BK,0,
VES-ZECL-TV-WH,0,
VES-ZECL-WG,0,
VES-ZJETCB-CP-4M,0,
VES-ZJIAG2-CP-1XXS,0,
VES-ZJIAG2-CP-5L,0,
VES-ZJIAG2-CP-7XXL,0,
VES-ZJIAG2-LI-1XXS,0,
VES-ZJIAG2-LI-3S,0,
VES-ZJIAG2-LI-6XL,0,
VES-ZJIANOB-CH,0,
VES-ZJIANOB-CP-3S,0,
VES-ZJIANOB-CP-4M,0,
VES-ZJIANOB-CP-5L,0,
VES-ZJIANOB-CP-6XL,0,
VES-ZJIANO-CP-4M,0,
VES-ZJIANO-CP-5L,0,
VES-ZJIANO-CP-6XL,0,
VES-ZJIANO-LI-1XXS,0,
VES-ZJIANO-LI-2XS,0,
VES-ZJIANO-LI-3S,0,
VES-ZJIANO-LI-5L,0,
VES-ZJIANO-SH-KT,0,
VES-ZSTO-CP-2XS,0,
VES-ZVSR-CP-4M,0,
VES-ZVSR-CP-6XL,0,
VES-ZVSRC-SH-50,0,
VES-ZVSRC-TO-ST,0,
VES-ZVSREV-SH-IR,0,
VES-ZVSR-LI-2XS,0,
VES-ZVSR-SH-KT,0,
VES-ZVT-GN-4M,0,
VES-ZVT-GN-6XL,0,
VES-ZZPR-CPKT-2XS,0,8/31/2017
VES-ZZPR-CPKT-3S,0,8/31/2017
VES-ZZPR-CPKT-4M,0,8/31/2017
VES-ZZPR-CPKT-5L,0,8/31/2017
VES-ZZPR-CPKT-6XL,0,8/31/2017
VES-ZZPR-CPKT-7XXL,0,8/31/2017
VES-ZZPR-SH-KT,0,8/31/2017
VES-ZZPR-VI-CL,0,8/31/2017
206319,1,
206700,1,
206850,1,
206873,1,
206911,1,
206912,1,
206915,1,
206916,1,
206919,1,
206920,1,
206922,1,
206925,1,
206927,1,
10930000360,1,
10930000370,1,
10930000490,1,
032-04-0870,1,
AGS-GMH-BKBK-7XXL,1,
AGS-GTW-BKBK-7XXL,1,
AGS-HTQ-GYBK-3S,1,
AGS-JDR-BKBK-48,1,
AGS-JDR-BKHV-44,1,
AGS-JDR-BKRD-40,1,
AGS-JDR-BKRD-52,1,
AGS-JMS-BKRD-52,1,
AGS-JWW-BKBK-54,1,
AGS-LST-BKPR-5L,1,
AGS-LST-BKPR-6XL,1,
AGS-LXNT-WHBK-5L,1,
AGS-SPD-BKBK-44,1,
AGS-SPD-BKBK-46,1,
AGS-SPD-BKFY-48,1,
AGS-SVA-BKBK-46,1,
AGS-TNV-BKBK-6XL,1,
AGS-TNV-BKHV-8XXXL,1,
AGS-TNV-GYBK-3S,1,
AGS-TNV-GYBK-5L,1,
AGT-GBL-BKBK-3S,1,
AGT-JTP-BKBK-48,1,
AGT-KCO-BLJN-4434,1,
AGT-KEX-BKBK-3236,1,
AGT-KEX-BKBK-3632,1,
AGT-KEX-BKBK-3636,1,
AGT-KEX-OLIV-4030,1,
AGT-LAK-DBJN-0L,1,
AGT-LAK-DBJN-0S,1,
AGT-LAK-DBJN-2R,1,
AGT-TMI-BKBK-3S,1,
AGT-TSA-SAND-4M,1,
FF-1032L-4M,1,
FF-30060-6XL,1,
FF-30160-4M,1,
FF-302310-6XL,1,
FF-30260-4M,1,
FF-30290-2XS,1,
FF-5004,1,
FF-5005-5L,1,
FF-5005-6XL,1,
FF-6001-2XS,1,
FF-6001-6XL,1,
FF-6001L-3S,1,
FF-6001L-5L,1,
FF-6012-4M,1,
FF-6012-6XL,1,
SID-AGU-BKBK-47,1,
SID-AGU-BKWH-44,1,
SID-AGU-BKWH-47,1,
SID-C2S-WHWH-41,1,
SID-DIS-BKBK-47,1,
SID-STG-BKBK-33,1,
SID-ZC2-CA-WH,1,
SID-ZC2-CS-BK-44,1,
SID-ZC2-SP-BW,1,
SID-ZC2-SP-FOBW,1,
SID-ZC2-SP-LBBK,1,
SID-ZC3-SP-WH,1,
SID-ZSTL-MOTO,1,
SIS-COA-BKBK-49,1,
SIS-FUL-BKBK-43,1,
SIS-FUS-BKBK-37,1,
SIS-MA1-BKBK-40,1,
SIS-MA1-BKFY-42,1,
SIS-ROR-BFRW-46,1,
SIS-SBR-BKBK-40,1,
SIS-SBR-BKBK-44,1,
SIS-STS-BKBK-40,1,
SIS-STS-BKWH-43,1,
SIS-VOA-BKBK-48,1,
SIS-VOA-WHBK-43,1,
SIS-ZC2ST-SR-LB,1,
SIS-ZC2ST-STX-FO,1,
SIS-ZM1-MT3-5L,1,
SIS-ZM1-PIV-COV,1,
SIS-ZM1-RU-WH,1,
SIS-ZM1-SP-WH,1,
SIS-ZRO-T3B,1,
SIS-ZSR-BK-43,1,
SIS-ZVO-ALY-4348,1,
SIS-ZVO-APC-FY,1,
SIS-ZVO-SI2-WH,1,
SIS-ZVO-TIN-FY,1,
SIT-ALG-BKBK-40,1,
SIT-ZCH-BL-6XL,1,
SIT-ZIS-WH-42,1,
SIT-ZSL-BK-40,1,
VED-ZVRX5-CP-6XL,1,
VED-ZVRX5-LI-1XXS,1,
VED-ZVRX5-LI-2XS,1,
VED-ZVRX5-LI-3S,1,
VED-ZVRX5-LI-4M,1,
VED-ZVRX5-LI-5L,1,
VED-ZVRX5-LI-6XL,1,
VED-ZVRX5-VI-PRBL,1,
VED-ZVRX5-VI-PROR,1,
VED-ZVRX5-VI-PRSL,1,
VED-ZVRX5-VI-PRYL,1,
VED-ZVRX7-CP-2XS,1,
VED-ZVRX7-CP-5L,1,
VED-ZVRX7-LI-1XXS,1,
VED-ZVRX7-LI-3S,1,
VED-ZVRX7-LI-7XXL,1,
VED-ZVRX7-LI-8XXXL,1,
VED-ZVRX7-VI-SNOR,1,
VED-ZVRX7-VI-SPGN,1,
VED-ZVRX7-VI-SPOR,1,
VED-ZVRX7-VI-SPRD,1,
VED-ZVRX9-VI-MTBK,1,
VES-ZECL-CP-5L,1,
VES-ZECL-CP-6XL,1,
VES-ZECL-FV-BK,1,
VES-ZECL-LI-5L,1,
VES-ZECL-LI-6XL,1,
VES-ZECL-NP-6XL,1,
VES-ZECL-RS-WH,1,
VES-ZJETCB-CP-5L,1,
VES-ZJETC-CP-3S,1,
VES-ZJIANO-LI-6XL,1,
VES-ZSTO-SH-50,1,
VES-ZVSR-LI-1XXS,1,
VES-ZVSR-LI-3S,1,
VES-ZVSR-LI-4M,1,
VES-ZVSR-LI-5L,1,
206349,2,
206824,2,
206856,2,
206904,2,
206908,2,
206928,2,
206930,2,
10720002003,2,
10930000380,2,
032-06-0870,2,
032-06-8251,2,
AGS-GLG-BKBK-3S,2,
AGS-HTQ-BKBK-8XXXL,2,
AGS-JAT-BKRD-50,2,
AGS-JDR-BKHV-52,2,
AGS-JMS-BKBK-50,2,
AGS-JMS-BKBK-52,2,
AGS-JTR-BKBK-8XXXL,2,
AGS-JWW-BKBK-48,2,
AGS-JWW-BKBK-56,2,
AGS-LLO-BKWH-6XL,2,
AGS-LST-BKBK-5L,2,
AGS-LXNT-BKHV-2XS,2,
AGS-LXT-WHBK-6XL,2,
AGS-PWP-BKBK-30,2,
AGS-TNV-BKBK-4M,2,
AGT-GMY-BKBL-4M,2,
AGT-GMY-BKHV-7XXL,2,
AGT-KCO-BLJN-3036,2,
AGT-KEX-OLIV-3236,2,
AGT-KEX-OLIV-4036,2,
AGT-LDI-BKWH-6XL,2,
AGT-STH-BKBK-3S,2,
AGT-STH-BKBK-9XXXXL,2,
AGT-STH-FLYL-4M,2,
AGT-STH-FLYL-9XXXXL,2,
AGT-TLT-BKBK-3S,2,
AGT-TSA-SAND-6XL,2,
AGT-TSO-BKRB-8XXXL,2,
FF-1032L-5L,2,
FF-1043-008,2,
FF-30100-3S,2,
FF-30100-5L,2,
FF-30100-6XL,2,
FF-30122-6XL,2,
FF-30122-7XXL,2,
FF-30160-3S,2,
FF-30160-6XL,2,
FF-3017-4M,2,
FF-302210-2XS,2,
FF-302210-6XL,2,
FF-302210-7XXL,2,
FF-302310-3S,2,
FF-302310-4M,2,
FF-30260-2XS,2,
FF-30260-3S,2,
FF-30260-6XL,2,
FF-3026-2XS,2,
FF-3029-2XS,2,
FF-6003-2XS,2,
FF-6003-7XXL,2,
FF-6003L-6XL,2,
FF-6012-2XS,2,
FF-6012-7XXL,2,
SDS-ART-BKBK-40,2,
SDS-ART-BRBR-42,2,
SDS-GAS-BKBK-41,2,
SDS-GAS-BKFY-39,2,
SID-AGU-BKBK-40,2,
SID-AGU-BKBK-42,2,
SID-AGU-BKBK-49,2,
SID-AGU-FYBK-47,2,
SID-C2S-BKBK-40,2,
SID-C2S-BKBK-41,2,
SID-C2S-BKFO-41,2,
SID-C2S-FYWB-48,2,
SID-C2S-RWHB-47,2,
SID-C2S-WYGY-42,2,
SID-C2T-BKBK-40,2,
SID-C2T-BKBK-48,2,
SID-C2T-BKFO-42,2,
SID-DR1-BKBK-41,2,
SID-STG-BKBK-32,2,
SID-STG-WHWH-34,2,
SID-TRZ-BKBK-42,2,
SID-TRZ-BKBK-43,2,
SID-TZ1-BKBK-43,2,
SID-TZ1-BKBK-47,2,
SID-ZC2-CS-BK,2,
SID-ZC2-RU-WH,2,
SID-ZC2-SP-BKFG,2,
SID-ZC2-SP-RWB,2,
SID-ZC2-SP-WH,2,
SID-ZC3-SP-BKFY,2,
SID-ZC3-SP-BLFR,2,
SID-ZC3-SP-FRAS,2,
SID-ZC3-UP-BL,2,
SID-ZCF-SP-WHWH,2,
SID-ZXTR-IS-BK-43,2,
SID-ZXTR-IS-BK-50,2,
SIS-APX-BKBK-48,2,
SIS-COA-BKBK-38,2,
SIS-COA-BKBK-39,2,
SIS-COA-BKBK-40,2,
SIS-COA-BKBK-48,2,
SIS-FUS-BKBK-40,2,
SIS-MA1-BKBK-39,2,
SIS-MA1-BKFY-44,2,
SIS-MA1-BKFY-47,2,
SIS-ROR-BKWH-44,2,
SIS-STS-BKBK-49,2,
SIS-ZC2ST-SR-BL,2,
SIS-ZC2ST-SR-WH,2,
SIS-ZC2ST-STX-WH,2,
SIS-ZCO-HC-BKGY,2,
SIS-ZM1-RU-BK,2,
SIS-ZPOP-CALP,2,
SIS-ZRO-ASB-3739,2,
SIS-ZSR-BK-41,2,
SIS-ZSR-BK-42,2,
SIS-ZSR-BK-46,2,
SIS-ZSR-BK-47,2,
SIS-ZSR-BK-48,2,
SIS-ZTSN-FY,2,
SIS-ZVO-AUY-3944,2,
SIS-ZVO-RU-WH,2,
SIT-AGT-BKBK-47,2,
SIT-ZIS-WH-37,2,
SIT-ZIS-WH-39,2,
SIT-ZIS-WH-40,2,
SIT-ZIS-WH-41,2,
SIT-ZSL-BK-43,2,
VED-ZVRX5-CP-1XXS,2,
VED-ZVRX5-CP-2XS,2,
VED-ZVRX5-CP-4M,2,
VED-ZVRX5-VI-BKBK,2,
VED-ZVRX5-VI-PRGN,2,
VED-ZVRX7-CP-1XXS,2,
VED-ZVRX7-CP-4M,2,
VED-ZVRX7-CP-8XXXL,2,
VED-ZVRX7-LI-2XS,2,
VED-ZVRX7-LI-4M,2,
VED-ZVRX7-VI-SNSL,2,
VED-ZVRX7-VI-SPYL,2,
VED-ZVRX7-VI-WHWH,2,
VED-ZVRX9-LI-1XXS,2,
VED-ZVRX9-OCP-BL,2,
VED-ZVRX9-VI-TUSA,2,
VES-ZECL-LI-4M,2,
VES-ZECL-LI-8XXXL,2,
VES-ZECL-NP-5L,2,
VES-ZECL-RE-BK,2,
VES-ZJETC-CP-2XS,2,
VES-ZJIAG2-CP-2XS,2,
VES-ZJIAG2-LI-2XS,2,
VES-ZJIAG2-LI-7XXL,2,
VES-ZJIANO-VB-SG,2,
VES-ZVSR-NG-BK,2,
206338,3,
206340,3,
206507,3,
206825,3,
206851,3,
206865,3,
206866,3,
206869,3,
206871,3,
206907,3,
206935,3,
10930000350,3,
10930000390,3,
032-13-0207,3,
AGS-GIN-BKWH-3S,3,
AGS-GMH-RDBK-7XXL,3,
AGS-JAT-BKBK-46,3,
AGS-JMS-BKWH-50,3,
AGS-JMS-BKWH-52,3,
AGS-LLO-BKWH-4M,3,
AGS-LXNT-BKHV-3S,3,
AGS-LXNT-BKWH-5L,3,
AGS-SPD-BKFY-40,3,
AGS-SPD-BKFY-44,3,
AGS-SVA-BKBK-40,3,
AGS-SVA-BKBK-44,3,
AGS-TNV-BKHV-3S,3,
AGS-TTO-GYBK-3S,3,
AGT-JCL-BKBK-6XL,3,
AGT-JEL-VNBR-7XXL,3,
AGT-JWR-BKBK-7XXL,3,
AGT-KAP-BLJN-3230,3,
AGT-KBW-BKBK-3636,3,
AGT-KCO-BLJN-3034,3,
AGT-KCO-BLJN-4430,3,
AGT-KEX-BKBK-3830,3,
AGT-KEX-OLIV-3436,3,
AGT-LAK-DBJN-4L,3,
AGT-LDI-BKBK-2XS,3,
AGT-TBL-BKBL-6XL,3,
AGT-TBL-BKBL-7XXL,3,
AGT-TBL-BKFY-8XXXL,3,
AGT-TBL-BKRD-3S,3,
AGT-TMI-BKBK-7XXL,3,
AGT-TMI-HVBK-3S,3,
AGT-TSN-BKBL-7XXL,3,
AGT-TSO-BKRD-8XXXL,3,
AGT-TVR-BGMR-5L,3,
AGT-TVR-BKGM-3S,3,
AGT-XSS-BKBK-3S,3,
FF-20122-3S,3,
FF-30100-2XS,3,
FF-3010-2XS,3,
FF-30160-5L,3,
FF-3016-2XS,3,
FF-3017-3S,3,
FF-302210-3S,3,
FF-302210-4M,3,
FF-302210-5L,3,
FF-302310-2XS,3,
FF-30290-3S,3,
FF-30290-6XL,3,
FF-5021-3S,3,
FF-6001-3S,3,
FF-6003L-2XS,3,
SDS-GSP-BKGY-37,3,
SID-AGU-BKBK-44,3,
SID-AGU-BKWH-48,3,
SID-C2S-BKFY-48,3,
SID-C2S-RWHB-48,3,
SID-C2S-WHWH-48,3,
SID-C2S-WYGY-48,3,
SID-C2T-BKBK-41,3,
SID-C2T-BKFO-47,3,
SID-C2T-BKWH-42,3,
SID-C2T-BKWH-47,3,
SID-STG-BKBK-31,3,
SID-STG-BKBK-34,3,
SID-STG-WHWH-32,3,
SID-STG-WHWH-35,3,
SID-X3S-BKBK-40,3,
SID-ZC2-SP-GYBK,3,
SID-ZC3-UP-WH,3,
SIS-COA-BKBK-41,3,
SIS-COG-BKBK-44,3,
SIS-M1A-WHBK-41,3,
SIS-MA1-BKFY-41,3,
SIS-ROR-BFRW-47,3,
SIS-ROR-BKBK-44,3,
SIS-ROR-BKBK-47,3,
SIS-STA-BKBK-41,3,
SIS-STS-BKBK-41,3,
SIS-STS-BKWH-47,3,
SIS-VOA-BKBK-41,3,
SIS-VOA-BKBK-46,3,
SIS-ZC2ST-STX-BK,3,
SIS-ZC2ST-STX-OR,3,
SIS-ZSR-BK-44,3,
SIS-ZVO-ALY-3942,3,
SIS-ZVO-AUY-4548,3,
SIS-ZVO-RU11-BK,3,
SIS-ZVO-RU-BK,3,
SIS-ZVO-TS11-3944,3,
SIT-ZIS-WH-38,3,
SIT-ZIS-WH-45,3,
SIT-ZSL-BK-45,3,
VED-ZVRX5-CP-5L,3,
VED-ZVRX7-CP-6XL,3,
VED-ZVRX9-LI-2XS,3,
VED-ZVRX9-VI-MBGR,3,
VED-ZVRX9-VI-SPBL,3,
VED-ZVRX9-VI-TRNV,3,
VES-ZECL-CP-7XXL,3,
VES-ZECL-LI-7XXL,3,
VES-ZJETCB-CP-3S,3,
VES-ZJETC-CP-4M,3,
VES-ZJIAG2-CP-4M,3,
VES-ZJIAG2-CP-6XL,3,
VES-ZJIANOB-CP-2XS,3,
VES-ZJIANO-SH-MI,3,
VES-ZUEBT-CP,3,
VES-ZVSR-CP-5L,3,
VES-ZVSR-LI-6XL,3,
206337,4,
206339,4,
206420,4,
206505,4,
206827,4,
206905,4,
206917,4,
AGS-GMH-BLBK-7XXL,4,
AGS-HTQ-BKBK-4M,4,
AGS-JAT-BKBK-42,4,
AGS-JAT-BKBK-48,4,
AGS-JAT-BKWH-46,4,
AGS-JDR-BKRD-50,4,
AGS-JWW-BKBK-50,4,
AGS-LEP-BKWH-5L,4,
AGS-LST-BKPK-6XL,4,
AGS-LST-BKRD-3S,4,
AGS-LXNT-BKPR-5L,4,
AGS-SVA-BKBK-48,4,
AGT-GMY-BKRD-3S,4,
AGT-KAL-DBJN-3636,4,
AGT-KAP-BKJN-3234,4,
AGT-KAP-BLJN-3030,4,
AGT-KBW-BKBK-3234,4,
AGT-KCF-FNBL-8XXXL,4,
AGT-KCF-FNGY-4M,4,
AGT-KEX-BKBK-3832,4,
AGT-KEX-OLIV-3036,4,
AGT-LDI-BKBK-3S,4,
AGT-TBL-BKRD-4M,4,
AGT-TPT-BKBK-7XXL,4,
AGT-TSN-BKRD-3S,4,
AGT-TSN-BKRD-7XXL,4,
AGT-TSO-BKRB-5L,4,
AGT-TVR-BGMR-3S,4,
AGT-XSS-BKBK-8XXXL,4,
FF-30160-7XXL,4,
FF-302310-5L,4,
FF-5022-3S,4,
FF-6001L-2XS,4,
SDS-ART-BKBK-41,4,
SDS-GAS-BKBK-46,4,
SDS-GAS-BKFY-44,4,
SID-AGU-BKWH-42,4,
SID-AGU-BKWH-43,4,
SID-AGU-FYBK-42,4,
SID-AGU-FYBK-46,4,
SID-AGU-FYBK-48,4,
SID-C2S-FOWB-48,4,
SID-C2S-FYWB-47,4,
SID-C2T-BKWH-49,4,
SID-STG-BKBK-40,4,
SID-STG-BKYL-32,4,
SID-STG-WHWH-31,4,
SID-STG-WHWH-33,4,
SID-STG-WHWH-36,4,
SID-TZ1-BKBK-42,4,
SID-TZ1-BKBK-45,4,
SID-X3S-BKFY-42,4,
SID-ZC2-SP-BKFY,4,
SID-ZC2-SP-WHFY,4,
SID-ZC3-SP-BK,4,
SID-ZC3-UP-BK,4,
SIS-COB-BKBK-42,4,
SIS-COB-BKBK-43,4,
SIS-COG-BKBK-48,4,
SIS-FUS-BKBK-41,4,
SIS-ROR-BKBK-41,4,
SIS-SBR-BKBK-42,4,
SIS-SBR-BKBK-45,4,
SIS-STA-BKBK-43,4,
SIS-STS-BKBK-44,4,
SIS-STS-BKBK-47,4,
SIS-STS-BKWH-45,4,
SIS-ZC2ST-STL-GY,4,
SIS-ZC2ST-STS-GY,4,
SIS-ZC2ST-STX-RD,4,
SIS-ZRO-CH-RD,4,
SIS-ZRO-RU-BK,4,
SIS-ZSR-BK-45,4,
SIS-ZVO-TS11-4548,4,
SIT-ALG-BKBK-45,4,
SIT-ZIS-WH-48,4,
SIT-ZSL-BK-49,4,
VED-ZVRX9-OCP-OR,4,
VED-ZVRX9-OCP-RD,4,
VES-ZECL-CP-1XXS,4,
VES-ZECL-CP-8XXXL,4,
VES-ZECL-LI-2XS,4,
VES-ZJETC-CP-7XXL,4,
VES-ZJIAG2-CP-3S,4,
VES-ZSTO-CP-3S,4,
VES-ZSTO-CP-4M,4,
206303,5,
206341,5,
206358,5,
206910,5,
10930000480,5,
032-14-0207,5,
032-14-8251,5,
AGS-GTW-RDRD-7XXL,5,
AGS-JAT-BKRD-46,5,
AGS-JAT-BKRD-48,5,
AGS-JWW-BKBK-44,5,
AGS-LST-BKPK-5L,5,
AGS-LST-BKPR-3S,5,
AGS-LST-BKRD-4M,5,
AGS-LXNT-BKHV-6XL,5,
AGS-LXT-WHBK-2XS,5,
AGS-SPD-BKFY-46,5,
AGT-GMY-BKBK-5L,5,
AGT-KAP-BKJN-3034,5,
AGT-KAP-BLJN-3636,5,
AGT-KCO-BLJN-4230,5,
AGT-KCO-BLJN-4232,5,
AGT-KEX-OLIV-3630,5,
AGT-KEX-OLIV-3634,5,
AGT-LDI-BKWH-2XS,5,
AGT-STH-BKBK-5L,5,
AGT-TBL-BKBK-3S,5,
AGT-TPT-BKBK-2XS,5,
AGT-TPT-BKBK-5L,5,
AGT-TRO-BKBK-3S,5,
AGT-TSA-SAND-7XXL,5,
AGT-TSA-SWBK-8XXXL,5,
AGT-TSO-BKRD-3S,5,
AGT-XAR-BKBK-7XXL,5,
AGT-XTS-BKBK-3S,5,
FF-30122-2XS,5,
FF-30122-3S,5,
FF-30122-5L,5,
FF-5021-2XS,5,
FF-5022-2XS,5,
FF-6001-7XXL,5,
SDS-ART-BKBK-46,5,
SDS-ART-BRBR-41,5,
SDS-GSL-GYGY-38,5,
SDS-GSP-BKGY-38,5,
SDS-GSP-BKGY-46,5,
SID-AGU-BKBK-50,5,
SID-AGU-BKWH-45,5,
SID-AGU-FYBK-43,5,
SID-C2S-BKFG-48,5,
SID-C2S-BKWH-48,5,
SID-C2S-FOWB-40,5,
SID-C2S-FYWB-41,5,
SID-C2S-RWHB-41,5,
SID-C2S-WYGY-46,5,
SID-C2T-BKBK-43,5,
SID-C2T-BKBK-49,5,
SID-C3S-BAFY-42,5,
SID-DIS-BKBK-40,5,
SID-DR1-BKBK-43,5,
SID-STG-BKBK-35,5,
SID-STG-BKYL-31,5,
SID-STG-BKYL-33,5,
SID-STG-BKYL-35,5,
SID-STG-WHWH-38,5,
SID-X3L-PWLB-39,5,
SID-XTR-WLBB-48,5,
SID-ZXTR-PVPN-BK,5,
SIS-COG-BKBK-43,5,
SIS-FUL-BKBK-36,5,
SIS-FUL-BKBK-42,5,
SIS-ROR-ANBK-42,5,
SIS-ROR-ANBK-47,5,
SIS-ROR-BKBK-37,5,
SIS-SBR-BKBK-48,5,
SIS-STS-BKBK-50,5,
SIS-STS-BKRD-42,5,
SIS-STS-BKWH-44,5,
SIS-VOA-WHBK-45,5,
SIS-VRL-BKWH-39,5,
SIS-ZC2ST-BU-OR,5,
SIS-ZM1-ST-BK,5,
SIT-ALG-BKBK-38,5,
SIT-ALG-BKBK-39,5,
SIT-GGL-BKBK-38,5,
SIT-ZIS-WH-47,5,
SIT-ZSL-BK-44,5,
VED-ZVRX9-CP-1XXS,5,
VES-ZECL-CP-3S,5,
VES-ZECL-LI-1XXS,5,
VES-ZECL-NP-4M,5,
VES-ZJIANOB-CP-7XXL,5,
VES-ZSTO-CP-7XXL,5,
206312,6,
206348,6,
206901,6,
206918,6,
206933,6,
206937,6,
AGS-GTW-OROR-4M,6,
AGS-HTQ-BKBK-5L,6,
AGS-JAT-BKWH-48,6,
AGS-JDR-BKBK-40,6,
AGS-JDR-BKBK-44,6,
AGS-JLN-BKRD-3S,6,
AGS-JLN-BKRD-7XXL,6,
AGS-JMS-BKRD-50,6,
AGS-LEP-BKWH-6XL,6,
AGS-LST-BKPR-2XS,6,
AGS-LXNT-BKPR-2XS,6,
AGS-LXNT-WHBK-3S,6,
AGS-LXNT-WHBK-4M,6,
AGS-LXNT-WHBK-6XL,6,
AGS-LXT-BKPR-2XS,6,
AGS-ZPT-GY-6XL,6,
AGT-GMY-BKHV-3S,6,
AGT-GTR-BKBK-3S,6,
AGT-JCW-BKBK-8XXXL,6,
AGT-JEL-VNBR-3S,6,
AGT-JST-BKBK-3S,6,
AGT-KAP-BLJN-3634,6,
AGT-KBW-BKBK-3436,6,
AGT-KCF-FNRD-8XXXL,6,
AGT-KCO-BLJN-3230,6,
AGT-KCO-BLJN-3836,6,
AGT-KEX-BKBK-4030,6,
AGT-LDI-BKBK-6XL,6,
AGT-TSO-BKFY-5L,6,
AGT-TSO-BKGY-8XXXL,6,
FF-1043-009,6,
FF-30100-4M,6,
FF-30131-6XL,6,
FF-30160-2XS,6,
FF-5021-7XXL,6,
FF-5022-7XXL,6,
FF-6012-3S,6,
SDS-GAS-BKBK-39,6,
SDS-GAS-BKFY-43,6,
SDS-GSP-BKGY-39,6,
SID-AGU-FYBK-45,6,
SID-C2S-BKFO-48,6,
SID-C2S-BKFY-41,6,
SID-C2S-BKFY-42,6,
SID-C2S-FOWB-47,6,
SID-C2S-FYWB-42,6,
SID-C2S-LBBK-41,6,
SID-C2S-WHWH-42,6,
SID-C2S-WHWH-47,6,
SID-C2S-WYGY-41,6,
SID-C2T-BKBK-44,6,
SID-DIS-BKBK-41,6,
SID-DR1-BKBK-45,6,
SID-STG-BKBK-36,6,
SID-STG-BKYL-34,6,
SID-STG-BKYL-36,6,
SID-X3S-BKFO-42,6,
SID-X3S-BKFY-47,6,
SID-XTR-BKBK-48,6,
SID-ZC3-HEBS,6,
SIS-APX-BKBK-46,6,
SIS-COG-BKBK-42,6,
SIS-FUL-BKBK-39,6,
SIS-FUS-BKBK-44,6,
SIS-FUS-WHBK-48,6,
SIS-MA1-BKFY-45,6,
SIS-ROR-ANBK-46,6,
SIS-ROR-BKBK-38,6,
SIS-ROR-BKWH-46,6,
SIS-VOA-BKBK-47,6,
SIS-ZC2ST-SR-OR,6,
SIS-ZRO-ASB-4043,6,
SIS-ZRO-ASB-4447,6,
SIS-ZVO-RU11-WH,6,
SIT-BLA-BKBK-42,6,
SIT-BLA-BKBK-50,6,
SIT-DPR-BKBK-40,6,
SIT-GGL-BKBK-43,6,
SIT-ZKS-BK-36,6,
SIT-ZTF-GN-3S,6,
VED-TAKU-C706-2XS,6,
VED-TAKU-C712-2XS,6,
VED-TAKU-C712-7XXL,6,
VED-ZVRX5-VI-WHWH,6,
VED-ZVRX9-CP-6XL,6,
VED-ZVRX9-LI-7XXL,6,
VED-ZVRX9-VI-SPRD,6,
VES-ZJETC-CP-6XL,6,
VES-ZJIAG2-LI-4M,6,
VES-ZVSRC-SH-KT,6,
206701,6,
032-03-0870,6,
AGS-GEC-WHWH-4M,6,
AGS-GIN-BKBL-3S,6,
AGS-GSV-BKBK-5L,6,
AGS-GVT-BKBL-4M,6,
AGS-JAT-BKBK-50,6,
AGS-JAT-BKWH-44,6,
AGS-JDR-BKHV-50,6,
AGS-JLN-BKWH-3S,6,
AGS-LEP-BKPK-6XL,6,
AGS-LST-BKPK-4M,6,
AGS-SVA-BKBK-42,6,
AGS-SVA-BKBK-50,6,
AGS-TTO-GYBK-7XXL,6,
AGS-ZPT-GY-4M,6,
AGS-ZPT-GY-7XXL,6,
AGT-KAL-FBJN-3636,6,
AGT-KAP-BLJN-3434,6,
AGT-KCF-FNBL-7XXL,6,
AGT-KCF-FNGY-7XXL,6,
AGT-KCF-FNRD-3S,6,
AGT-KCO-BLJN-3632,6,
AGT-KEX-BKBK-3230,6,
AGT-KEX-OLIV-3636,6,
AGT-LAK-DBJN-2S,6,
AGT-STH-FLYL-3S,6,
AGT-TMI-HVBK-8XXXL,6,
AGT-TSN-BKRD-4M,6,
AGT-TTU-BKBK-8XXXL,6,
AGT-TTU-HVBK-4M,6,
AGT-TVR-BGMB-4M,6,
AGT-XTR-BKBK-3S,6,
FF-30131-2XS,6,
FF-3014-3S,6,
SDS-GSL-GYGY-42,6,
SID-AGU-BKBK-41,6,
SID-C2S-BKWH-43,6,
SID-C2S-FOWB-41,6,
SID-C2S-RWHB-42,6,
SID-C2T-BKBK-50,6,
SID-C2T-BKWH-48,6,
SID-STG-WHWH-37,6,
SID-TZ1-BKBK-46,6,
SID-XTR-BKBK-41,6,
SIS-APX-BKBK-42,6,
SIS-APX-BKBK-47,6,
SIS-FUS-BKBK-38,6,
SIS-ROR-BKBK-40,6,
SIS-ROR-BKWH-42,6,
SIS-ROR-BKWH-43,6,
SIS-STA-BKBK-45,6,
SIS-STS-BKRD-47,6,
SIS-ZC2ST-STS-FO,6,
SIS-ZVU-WHWH-45,6,
SIT-AGT-BKBK-48,6,
SIT-ALG-BKBK-41,6,
SIT-BKR-BKFY-40,6,
SIT-BKR-BKFY-41,6,
SIT-BLA-BKBK-47,6,
SIT-BLA-BKBK-49,6,
SIT-DPR-BKBK-50,6,
SIT-FAR-BKBK-49,6,
SIT-GGL-BKBK-41,6,
SIT-GGT-BKBK-50,6,
SIT-ZTEN-GY-7XXL,6,
VED-ZVRX7-CP-3S,6,
VES-ZJETC-CP-5L,6,
VES-ZJIANO-CP-1XXS,6,
206345,6,
206929,6,
10930000400,6,
10930000420,6,
032-10-0870,6,
AGS-GIN-BKRD-3S,6,
AGS-GLG-BLBK-3S,6,
AGS-GLG-BLBK-6XL,6,
AGS-GSV-BKBK-6XL,6,
AGS-JAC-GMGM-8XXXL,6,
AGS-LEP-BKBK-3S,6,
AGS-LST-BKBK-2XS,6,
AGS-LST-BKRD-5L,6,
AGS-LXNT-BKHV-4M,6,
AGS-LXNT-BKHV-5L,6,
AGS-LXNT-BKPR-3S,6,
AGS-TNV-BKBK-3S,6,
AGS-TNV-BKBK-8XXXL,6,
AGT-GBL-BKBK-7XXL,6,
AGT-KAL-FBJN-3230,6,
AGT-KCF-FNBL-3S,6,
AGT-KCF-FNRD-7XXL,6,
AGT-KCO-BLJN-3834,6,
AGT-KEX-BKBK-3232,6,
AGT-LDI-BKWH-3S,6,
AGT-LON-BKBK-6XL,6,
AGT-STH-BKBK-8XXXL,6,
AGT-TMI-BKBK-5L,6,
AGT-TRO-BKBK-4M,6,
AGT-TSA-SAND-3S,6,
AGT-TSA-SWBK-3S,6,
AGT-TTU-BKBK-3S,6,
AGT-TVR-BKBK-3S,6,
AGT-XAR-BKBK-6XL,6,
FF-20112-3S,6,
FF-3026-4M,6,
FF-3026-6XL,6,
FF-30290-5L,6,
FF-5025-3S,6,
SDS-FRN-BKBK-40,6,
SDS-GSL-GYGY-39,6,
SID-AGU-BKBK-43,6,
SID-AGU-FYBK-44,6,
SID-C2S-BKFY-43,6,
SID-C2S-BKRD-45,6,
SID-C2S-BKWH-47,6,
SID-C2S-WYGY-43,6,
SID-C2T-BKBK-46,6,
SID-C3S-WBFR-47,6,
SID-STG-BKBK-37,6,
SID-STG-BKBK-38,6,
SID-STG-WHWH-40,6,
SID-X3S-BKFY-48,6,
SID-XTR-BKBK-49,6,
SID-ZCF-QTS-4PK,6,
SIS-COA-BKBK-44,6,
SIS-COB-BKBK-44,6,
SIS-COG-BKBK-45,6,
SIS-MA1-BKBK-41,6,
SIS-ROR-BKBK-39,6,
SIS-SRD-BKBK-40,6,
SIS-STS-BKRD-45,6,
SIS-ZAR-ABP-BK,6,
SIS-ZVO-TS11W-3944,6,
SIT-AG2-BKBK-41,6,
SIT-ARG-BKBK-48,6,
SIT-DPR-BKBK-39,6,
SIT-FAR-BKBK-40,6,
SIT-GGL-BKBK-39,6,
SIT-ZIS-WH-50,6,
SIT-ZTK-BK-4M,6,
VED-ZVRX7-VI-BKBK,6,
VES-ZJETCB-CP-2XS,6,
VES-ZJIANO-VU-4M,6,
VES-ZPMK-Z014-3S,6,
VES-ZPMK-Z016-6XL,6,
VES-ZVSREV-SH-50,6,
206854,6,
206874,6,
10930000460,6,
AGS-GIN-BKRD-7XXL,6,
AGS-GIN-BKWH-7XXL,6,
AGS-GMH-RDBK-6XL,6,
AGS-GVT-BKBL-7XXL,6,
AGS-JDR-BKBK-50,6,
AGS-JDR-BKHV-46,6,
AGS-JDR-BKRD-42,6,
AGS-JDR-BKRD-46,6,
AGS-JLN-BKWH-8XXXL,6,
AGS-JTR-BKBK-3S,6,
AGS-JWW-BKBK-42,6,
AGS-JWW-BKBK-52,6,
AGS-LST-BKBK-6XL,6,
AGS-LST-BKRD-6XL,6,
AGS-PWL-BKBK-34,6,
AGS-TNV-BKBK-7XXL,6,
AGS-TTO-GYBK-8XXXL,6,
AGT-GPD-BKBK-3S,6,
AGT-JST-BKBK-8XXXL,6,
AGT-KBW-BKBK-3036,6,
AGT-KCF-FNGY-3S,6,
AGT-KCF-FNGY-8XXXL,6,
AGT-KCO-BLJN-3032,6,
AGT-KEX-OLIV-3430,6,
AGT-LAK-DBJN-0R,6,
AGT-STH-BKBK-4M,6,
AGT-TBL-BKRD-6XL,6,
AGT-TBL-BKRD-7XXL,6,
AGT-TRO-BKBK-7XXL,6,
AGT-TSO-BKGY-7XXL,6,
AGT-TTU-HVBK-3S,6,
AGT-TTU-HVBK-8XXXL,6,
AGT-TVR-BGMB-3S,6,
AGT-ZKSJ-BA,6,
FF-1043-010,6,
FF-3016-7XXL,6,
FF-30290-4M,6,
FF-4004-JS,6,
FF-6003-4M,6,
FF-6003-5L,6,
SDS-FRN-BKBK-41,6,
SID-C2S-BKFG-41,6,
SID-C2S-BKWH-41,6,
SID-C2S-RWHB-46,6,
SID-C3S-BAFY-47,6,
SID-STG-WHWH-39,6,
SID-X3S-BKBK-41,6,
SID-X3S-BKBK-48,6,
SID-X3S-WHBK-42,6,
SID-X3S-WHBK-47,6,
SID-ZC2ST-STS-FY,6,
SID-ZSE-BK-4344,6,
SIS-FUL-BKBK-37,6,
SIS-MA1-BKFY-43,6,
SIS-ROR-BFRW-42,6,
SIS-STS-BKRD-43,6,
SIS-VOA-BKBK-42,6,
SIS-VRL-BKWH-43,6,
SIS-ZC2ST-STS-WH,6,
SIS-ZC2ST-STX-BL,6,
SIT-AGT-BKBK-41,6,
SIT-FAR-BKBK-41,6,
SIT-GGT-BKBK-41,6,
SIT-ZKS-BK-38,6,
SIT-ZPOP-LSWD,6,
SIT-ZPOP-RSWD,6,
VED-TAKU-C706-7XXL,6,
VES-ZJIANO-CP-2XS,6,
VES-ZPMK-Z019-6XL,6,
10930000440,6,
10930000470,6,
032-03-0207,6,
AGS-GIN-BKBL-7XXL,6,
AGS-GTW-FLYL-7XXL,6,
AGS-GVT-BKBL-3S,6,
AGS-JAT-BKBK-44,6,
AGS-JDR-BKHV-48,6,
AGS-JLN-BKRD-8XXXL,6,
AGS-LST-BKRD-2XS,6,
AGS-LXT-BKHV-6XL,6,
AGS-TTO-GYBK-5L,6,
AGT-GBL-BKBK-6XL,6,
AGT-JEL-VNBR-4M,6,
AGT-JWR-BKBK-8XXXL,6,
AGT-KAP-BKJN-3236,6,
AGT-KAP-BLJN-3432,6,
AGT-KBW-BKBK-3034,6,
AGT-KBW-BKBK-3236,6,
AGT-KEX-OLIV-3830,6,
AGT-LDI-BKBK-4M,6,
AGT-STH-FLYL-8XXXL,6,
AGT-TBL-BKBK-8XXXL,6,
AGT-TLT-BKBK-2XS,6,
AGT-TMI-BKBK-8XXXL,6,
AGT-TSO-BKBK-7XXL,6,
AGT-TSO-BKRD-7XXL,6,
AGT-TVR-BGMR-7XXL,6,
AGT-TVR-BKGM-5L,6,
FF-1043-003,6,
FF-2015-3S,6,
FF-5021-6XL,6,
SDS-GSL-GYGY-43,6,
SDS-GSP-BKGY-40,6,
SID-C2S-BKFG-45,6,
SID-C2S-BKFO-42,6,
SID-C2S-BKWH-42,6,
SID-C2S-WHWH-43,6,
SID-C3S-FRAS-47,6,
SID-C3S-WBFY-47,6,
SID-STG-BKBK-39,6,
SID-X3S-BKFO-47,6,
SID-X3S-BKFO-48,6,
SID-X3S-WHBK-48,6,
SIS-COB-BKBK-46,6,
SIS-COB-BKBK-48,6,
SIS-M1A-FRBK-41,6,
SIS-SRD-BKBK-41,6,
SIS-STA-BKBK-47,6,
SIS-STS-BKBK-42,6,
SIS-STS-BKBK-45,6,
SIS-STS-BKRD-46,6,
SIS-ZC2ST-BU-BK,6,
SIS-ZVO-TS11W-4548,6,
SIT-BKR-BKFY-47,6,
SIT-BLA-BKBK-45,6,
SIT-BLA-BKBK-48,6,
SIT-DPR-BKBK-49,6,
SIT-FAR-BKBK-50,6,
SIT-ZCH-BL-3S,6,
SIT-ZTRD-GR-4M,6,
VED-ZVRX9-CP-2XS,6,
VED-ZVRX9-CSN-WH,6,
VED-ZVRX9-OCP-BK,6,
VES-ZPMK-Z014-7XXL,6,
VES-ZPMK-Z016-3S,6,
VES-ZPMK-Z016-7XXL,6,
VES-ZSTO-CP-5L,6,
VES-ZSTO-CP-6XL,6,
VES-ZVT-GN-5L,6,
VES-ZVT-GN-7XXL,6,
206357,6,
206416,6,
10930000510,6,
032-07-0870,6,
AGS-GEC-FLOR-4M,6,
AGS-GEC-RDRD-7XXL,6,
AGS-JAT-BKRD-44,6,
AGS-LEP-BKPK-5L,6,
AGS-LST-BKPK-3S,6,
AGS-LXNT-BKPR-6XL,6,
AGS-LXNT-BKWH-6XL,6,
AGS-PWL-BKBK-40,6,
AGS-ZPT-GY-3S,6,
AGT-GMY-BKRD-7XXL,6,
AGT-JNN-BKNC-8XXXL,6,
AGT-JST-BLBK-6XL,6,
AGT-KCF-FNRD-6XL,6,
AGT-KCO-BLJN-3234,6,
AGT-LSF-BKBK-2XS,6,
AGT-STH-FLYL-5L,6,
AGT-TBL-BKBK-4M,6,
AGT-TBL-BKFY-7XXL,6,
AGT-TSA-SWBK-4M,6,
AGT-TSN-BKGM-3S,6,
AGT-TTU-HVBK-7XXL,6,
AGT-TVR-BGMB-5L,6,
AGT-XAR-GYBK-7XXL,6,
AGT-XSO-BKBK-7XXL,6,
FF-1023-003,6,
FF-1023-010,6,
FF-30131-3S,6,
FF-3016-3S,6,
SDS-GAS-BKBK-42,6,
SID-C2S-LBBK-42,6,
SID-C2S-WHWH-46,6,
SID-C2T-BKBK-42,6,
SID-C2T-BKBK-45,6,
SID-C3S-WBFY-42,6,
SID-DR1-BKBK-47,6,
SID-STG-BKYL-38,6,
SID-STG-BKYL-40,6,
SID-TZ1-BKBK-44,6,
SID-XTR-BKFO-48,6,
SID-XTR-BKFY-48,6,
SID-ZC2ST-STL-FY,6,
SIS-COA-BKBK-45,6,
SIS-COA-BKBK-46,6,
SIS-COB-BKBK-45,6,
SIS-COG-BKBK-41,6,
SIS-COG-BKBK-46,6,
SIS-ROR-BKBK-46,6,
SIS-SBR-BKBK-41,6,
SIS-VOA-BKBK-45,6,
SIS-VOA-WHBK-44,6,
SIS-ZC2ST-BU-GY,6,
SIS-ZC2ST-SR-FG,6,
SIS-ZST-SHI-BK,6,
SIT-AGT-BKBK-46,6,
SIT-ALG-BKBK-48,6,
SIT-BLA-BKBK-44,6,
VED-TAKU-MTBK-6XL,6,
VES-ZPHR-Z0S-7XXL,6,
VES-ZPMK-Z014-6XL,6,
VES-ZPMK-Z015-3S,6,
VES-ZPMK-Z015-6XL,6,
VES-ZPMK-Z019-3S,6,
VES-ZPMK-Z019-7XXL,6,
VES-ZVT-GN-3S,6,
206716,6,
206852,6,
207233,6,
032-06-0207,6,
032-14-0870,6,
AGS-GEC-RDRD-3S,6,
AGS-GEC-WHWH-3S,6,
AGS-GIN-BKRD-4M,6,
AGS-GSV-BKBK-4M,6,
AGS-GTW-BLBL-7XXL,6,
AGS-GTW-WHWH-7XXL,6,
AGS-GVY-BKBK-6XL,6,
AGS-GVY-BKBK-7XXL,6,
AGS-HTQ-GYBK-7XXL,6,
AGS-JTR-BKBK-4M,6,
AGS-LEP-BKBK-6XL,6,
AGS-LEP-BKPK-3S,6,
AGS-LLO-BKWH-2XS,6,
AGS-LLO-BKWH-5L,6,
AGS-LST-BKBK-3S,6,
AGS-TNV-GYBK-8XXXL,6,
AGS-TTO-GYBK-4M,6,
AGT-JWR-BKBK-5L,6,
AGT-KCF-FNRD-4M,6,
AGT-KEX-OLIV-3632,6,
AGT-LAK-DBJN-6S,6,
AGT-LDI-BKWH-4M,6,
AGT-LDI-BKWH-5L,6,
AGT-TTU-HVBK-5L,6,
AGT-XSO-BKBK-8XXXL,6,
FF-2014-3S,6,
FF-5021-4M,6,
FF-5022-6XL,6,
FF-ZTW-BK-3S,6,
FF-ZTW-BK-4M,6,
SDS-ART-BRBR-43,6,
SDS-ART-BRBR-44,6,
SDS-GAS-BKFY-42,6,
SDS-GSP-BKGY-41,6,
SID-C2S-BKRD-41,6,
SID-C2S-FOWB-45,6,
SID-C2S-LBBK-43,6,
SID-C2T-BKBK-47,6,
SID-C3S-BKBK-47,6,
SID-C3S-WBFR-45,6,
SID-C3S-WBFY-46,6,
SID-STG-BKYL-39,6,
SID-X3S-BKBK-42,6,
SID-XTR-WHBK-48,6,
SIS-FUS-BKBK-45,6,
SIS-FUS-BKBK-48,6,
SIS-M1A-WHBK-43,6,
SIS-MA1-BKBK-46,6,
SIS-SBR-BKBK-47,6,
SIS-SRD-BKBK-47,6,
SIS-VRL-BKWH-40,6,
SIS-VRL-BKWH-42,6,
SIS-ZPOP-M1D,6,
SIS-ZPOP-VSWD,6,
SIT-AG2-BKBK-48,6,
SIT-ZTK-BK-3S,6,
VES-ZJIAG2-LI-5L,6,
VES-ZPHR-Z0S-2XS,6,
VES-ZPHR-Z0S-3S,6,
VES-ZPHR-Z0S-6XL,6,
VES-ZPMK-Z014-2XS,6,
VES-ZPMK-Z015-2XS,6,
VES-ZPMK-Z015-7XXL,6,
VES-ZPMK-Z016-2XS,6,
VES-ZPMK-Z019-2XS,6,
032-13-0870,6,
AGS-GTW-FLYL-3S,6,
AGS-GVY-BKBK-5L,6,
AGS-JAC-GMGM-3S,6,
AGS-JDR-BKRD-48,6,
AGS-JMS-BKWH-46,6,
AGS-LEP-BKBK-5L,6,
AGS-LEP-BKPK-4M,6,
AGS-LXNT-BKWH-2XS,6,
AGS-LXT-BKHV-2XS,6,
AGS-TNV-BKBK-5L,6,
AGT-GMY-BKRD-6XL,6,
AGT-GPD-BKBK-7XXL,6,
AGT-KAL-FBJN-3434,6,
AGT-KAP-BKJN-3036,6,
AGT-KEX-OLIV-3032,6,
AGT-TBL-BKBK-5L,6,
AGT-TBL-BKRD-5L,6,
AGT-TLT-BKBK-7XXL,6,
AGT-TSN-BKBL-4M,6,
AGT-TSN-BKRD-5L,6,
AGT-TSO-BKFY-3S,6,
AGT-TTU-HVBK-6XL,6,
AGT-TVR-BKGM-7XXL,6,
AGT-XAR-BKBK-3S,6,
FF-40131-5L,6,
SDS-FRN-BKBK-45,6,
SDS-GSP-BKGY-42,6,
SID-C2S-BKFO-46,6,
SID-C2S-BKFY-47,6,
SID-C2S-FYWB-45,6,
SID-C2S-RWHB-44,6,
SID-C2T-BKFO-43,6,
SID-DR1-BKBK-44,6,
SID-STG-BKYL-37,6,
SID-XTR-BKBK-40,6,
SID-XTR-BKFO-46,6,
SID-XTR-WLBB-47,6,
SIS-FUS-WHBK-42,6,
SIS-FUS-WHBK-46,6,
SIS-FUS-WHBK-47,6,
SIS-M1A-FRBK-47,6,
SIS-M1A-WHBK-42,6,
SIS-M1A-WHBK-47,6,
SIS-MA1-BKBK-47,6,
SIS-STS-BKBK-43,6,
SIS-STS-BKRD-44,6,
SIS-ZC2ST-BU-FO,6,
SIT-AG2-BKBK-40,6,
SIT-AGT-BKBK-44,6,
SIT-ARG-BKBK-43,6,
SIT-BKR-BKBK-50,6,
SIT-BKR-BKFY-42,6,
SIT-ZKS-BK-40,6,
SIT-ZKS-BK-42,6,
SIT-ZSL-BK-46,6,
VED-TAKU-MTBK-3S,6,
VED-ZVRX9-CP-3S,6,
207609,6,
032-08-0207,6,
AGS-GTW-OROR-7XXL,6,
AGS-JLN-BKBK-3S,6,
AGS-JLN-BKBK-7XXL,6,
AGS-JLN-BKWH-7XXL,6,
AGS-LXNT-BKWH-4M,6,
AGS-LXT-BKPR-3S,6,
AGS-LXT-BKWH-2XS,6,
AGS-PWP-BKBK-32,6,
AGS-TNV-GYBK-7XXL,6,
AGT-GMY-BKBL-3S,6,
AGT-GPD-BKBK-4M,6,
AGT-JST-BKBK-7XXL,6,
AGT-KCO-BLJN-4032,6,
AGT-KEX-OLIV-3832,6,
AGT-TRO-BKBK-5L,6,
AGT-TRO-BKBK-6XL,6,
AGT-TSO-BKRB-6XL,6,
AGT-TTU-BKBK-4M,6,
AGT-TVR-BGMR-6XL,6,
FF-1043-011,6,
FF-30131-5L,6,
FF-3026-3S,6,
FF-40021-3S,6,
FF-4007A,6,
SDS-GAS-BKFY-45,6,
SID-C2S-BKRD-46,6,
SID-C2T-BKWH-46,6,
SID-C3S-WBFR-46,6,
SID-X3S-BKBK-46,6,
SID-XTR-WLBB-42,6,
SID-ZCFR-PIV-KIT,6,
SIS-M1A-FRBK-42,6,
SIS-ROR-BKBK-42,6,
SIS-STS-BKBK-46,6,
SIT-AG2-BKBK-42,6,
SIT-ALG-BKBK-46,6,
SIT-BKR-BKFY-48,6,
SIT-BLA-BKBK-41,6,
SIT-BLA-BKBK-43,6,
SIT-BLA-BKBK-46,6,
SIT-DPR-BKBK-41,6,
VES-ZJIANO-SH-HDP,6,
206409,6,
032-05-0207,6,
032-13-8251,6,
AGS-GEC-FLOR-3S,6,
AGS-GEC-RDRD-6XL,6,
AGS-GEC-WHWH-7XXL,6,
AGS-GIN-BKBL-4M,6,
AGS-GIN-BKWH-4M,6,
AGS-GMH-RDBK-3S,6,
AGS-GST-BKBK-3S,6,
AGS-GTW-OROR-3S,6,
AGS-GTW-OROR-5L,6,
AGS-GTW-RDRD-3S,6,
AGS-JCP-BKBK-46,6,
AGS-JMS-BKRD-40,6,
AGS-JMS-BKWH-40,6,
AGS-LXNT-WHBK-2XS,6,
AGS-PWP-BKBK-34,6,
AGT-KAL-FBJN-3030,6,
AGT-LAK-DBJN-12R,6,
AGT-LAK-DBJN-8R,6,
AGT-TBL-BKBK-6XL,6,
AGT-TBL-BKBK-7XXL,6,
AGT-TSN-BKBK-8XXXL,6,
FF-2015-4M,6,
FF-2015-5L,6,
FF-40021-4M,6,
SDS-GSP-BKGY-45,6,
SID-C2S-BKFY-46,6,
SID-C2S-BKRD-42,6,
SID-C2S-BKWH-46,6,
SID-C2S-LBBK-46,6,
SID-C2S-WHWH-45,6,
SID-C3S-BAFY-46,6,
SID-C3S-FRAS-46,6,
SID-C3S-WBFR-42,6,
SID-C3S-WHWH-47,6,
SID-X3S-BKFY-43,6,
SID-ZCF-BU-YL,6,
SID-ZCFRP-UP-BK,6,
SIS-M1A-FRBK-43,6,
SIS-MA1-BKBK-42,6,
SIS-ROR-ANBK-43,6,
SIS-ROR-ANBK-45,6,
SIS-STA-BKBK-44,6,
SIS-VRL-BKWH-38,6,
SIS-ZC2ST-SR-FO,6,
SIS-ZC2ST-STL-WH,6,
SIT-ARG-BKBK-41,6,
SIT-ZTS-BKPK-3S,6,
SIT-ZTS-LBYL-5L,6,
VED-ZVRX9-CIP-BK,6,
VES-ZE11-SH-00,6,
206310,6,
206356,6,
206751,6,
206900,6,
206902,6,
032-04-0207,6,
AGS-GEC-RDRD-4M,6,
AGS-GEC-WHWH-6XL,6,
AGS-HTQ-GYBK-6XL,6,
AGS-JLN-BKBK-8XXXL,6,
AGS-LXNT-BKPR-4M,6,
AGS-PWL-BKBK-38,6,
AGS-TTO-GYBK-6XL,6,
AGT-KCF-FNGY-6XL,6,
AGT-KCO-BLJN-3436,6,
AGT-LAK-DBJN-4S,6,
AGT-LAK-DBJN-6R,6,
AGT-LDI-BKBK-5L,6,
AGT-TSA-SWBK-5L,6,
AGT-TSA-SWBK-7XXL,6,
AGT-TSO-BKRB-4M,6,
AGT-TSO-BKRD-4M,6,
AGT-TSO-BKRD-6XL,6,
AGT-XSO-BKBK-5L,6,
FF-3014-2XS,6,
FF-40021-5L,6,
SDS-GSL-GYGY-41,6,
SID-C2S-FOWB-42,6,
SID-C2S-FYWB-43,6,
SID-C2S-RWHB-43,6,
SID-X3L-PWLB-42,6,
SID-X3S-BKFY-45,6,
SID-XTR-BKFO-42,6,
SID-XTR-WHBK-42,6,
SIS-FUS-BKBK-42,6,
SIS-VRL-BKWH-41,6,
SIT-ARG-BKBK-46,6,
SIT-ZKS-BK-44,6,
SIT-ZTEN-GY-4M,6,
VES-ZJIANO-SH-50,6,
032-08-0870,6,
AGS-GEC-FLOR-5L,6,
AGS-GVT-BKBL-6XL,6,
AGS-JTR-BKBK-7XXL,6,
AGS-LEP-BKBK-4M,6,
AGS-LST-BKBK-4M,6,
AGS-LXT-BKHV-5L,6,
AGT-JST-BLBK-4M,6,
AGT-KAP-BLJN-3436,6,
AGT-KCF-FNBL-4M,6,
AGT-KCO-BLJN-3634,6,
AGT-KEX-BKBK-3432,6,
AGT-LSF-BKBK-6XL,6,
AGT-TMI-BKBK-4M,6,
AGT-TSN-BKGM-5L,6,
AGT-TVR-BGMB-6XL,6,
AGT-TVR-BKBK-7XXL,6,
AGT-XTS-BKBK-4M,6,
FF-3010-3S,6,
FF-3029-6XL,6,
FF-5025-6XL,6,
SDS-GSP-BKGY-43,6,
SID-C2S-BKFG-46,6,
SID-C2S-FOWB-44,6,
SID-C2S-FYWB-46,6,
SID-C2S-RWHB-45,6,
SID-C2T-BKWH-43,6,
SID-C3S-BKBK-42,6,
SID-DR1-BKBK-46,6,
SID-X3S-BKFY-44,6,
SIS-VRL-BKWH-37,6,
SIS-ZC2ST-BU-WH,6,
SIS-ZC2ST-SR-BK,6,
SIS-ZC2ST-SR-RD,6,
SIT-ALG-BKBK-44,6,
VED-ZVRX9-CP-7XXL,6,
VES-ZJETCB-CP-6XL,6,
VES-ZJETCB-CP-7XXL,6,
206321,6,
10930000520,6,
032-12-0207,6,
032-12-0870,6,
032-15-0207,6,
AGS-GEC-FLOR-6XL,6,
AGS-GIN-BKWH-6XL,6,
AGS-GVT-BKRD-5L,6,
AGS-LTW-BKBK-6XL,6,
AGT-GMY-BKHV-6XL,6,
AGT-GMY-BKRD-4M,6,
AGT-GPD-BKBK-5L,6,
AGT-JWR-BKBK-3S,6,
AGT-KAP-BLJN-3232,6,
AGT-LON-BKBK-2XS,6,
AGT-TBL-BKBL-4M,6,
AGT-TMI-HVBK-7XXL,6,
AGT-TSN-BKBK-3S,6,
AGT-TSO-BKBK-3S,6,
AGT-TTU-BKBK-7XXL,6,
FF-2014-5L,6,
FF-30131-4M,6,
FF-5022-5L,6,
SDS-FRN-BKBK-42,6,
SDS-GSP-BKGY-44,6,
SID-C2S-BKFG-44,6,
SID-C2S-BKRD-47,6,
SID-C2S-FOWB-46,6,
SID-C2S-LBBK-44,6,
SID-X3S-BKBK-47,6,
SID-X3S-BKFY-46,6,
SIS-APX-BKBK-44,6,
SIS-ROR-BKWH-47,6,
SIS-VOA-BKBK-43,6,
SIT-AGT-BKBK-42,6,
SIT-AGT-BKBK-45,6,
SIT-ARG-BKBK-45,6,
SIT-ARG-BKBK-47,6,
SIT-ZSL-BK-42,6,
206304,6,
032-15-8251,6,
AGS-GEC-FLOR-7XXL,6,
AGS-GIN-BKBL-5L,6,
AGS-GIN-BKBL-6XL,6,
AGS-GTW-FLYL-6XL,6,
AGS-GTW-OROR-6XL,6,
AGS-GVT-BKRD-4M,6,
AGS-GVT-BKRD-6XL,6,
AGS-JDR-BKBK-42,6,
AGS-PWL-BKBK-30,6,
AGT-GMY-BKBK-7XXL,6,
AGT-GMY-BKBL-5L,6,
AGT-JCW-BKBK-4M,6,
AGT-JEL-VNBR-5L,6,
AGT-KEX-OLIV-3432,6,
AGT-STH-FLYL-7XXL,6,
AGT-TSO-BKBK-4M,6,
AGT-TSO-BKFY-4M,6,
AGT-TVR-BKBK-4M,6,
AGT-TVR-BKGM-6XL,6,
FF-1004-3S,6,
SDS-ART-BKBK-42,6,
SDS-FRN-BKBK-46,6,
SDS-GAS-BKFY-46,6,
SID-C2S-BKFO-47,6,
SID-C2S-FYWB-44,6,
SID-C2S-WYGY-45,6,
SID-C2S-WYGY-47,6,
SID-ZCFRP-UP-WH,6,
SIT-BKR-BKFY-44,6,
SIT-GGT-BKBK-42,6,
SIT-ZFS-FY-5L,6,
VED-TAKU-C706-6XL,6,
VES-ZPMK-Z015-4M,6,
VES-ZVSREV-SH-00,6,
032-12-8251,6,
AGS-GEC-WHWH-5L,6,
AGS-GMH-BLBK-6XL,6,
AGS-GMH-RDBK-4M,6,
AGS-GST-BKBK-4M,6,
AGS-GTW-RDRD-4M,6,
AGS-GVT-BKBK-4M,6,
AGS-GVT-BKRD-3S,6,
AGS-GVY-BKBK-3S,6,
AGT-GPD-BKBK-6XL,6,
AGT-KAP-BLJN-3036,6,
AGT-KCF-FNGY-5L,6,
AGT-TBL-BKFY-6XL,6,
AGT-TMI-BKBK-6XL,6,
AGT-TSA-SWBK-6XL,6,
AGT-TSN-BKBL-3S,6,
AGT-TTU-BKBK-5L,6,
FF-ZTPMS,6,
SID-C2S-BKFG-42,6,
SID-C2S-BKFY-45,6,
SID-C2S-FOWB-43,6,
SID-C2S-LBBK-47,6,
SID-X3L-PWLB-41,6,
SID-X3S-BKBK-43,6,
SID-X3S-BKFO-44,6,
SID-XTR-WLBB-46,6,
SID-ZC2ST-STX-LB,6,
SIS-APX-BKBK-43,6,
SIS-ROR-ANBK-44,6,
SIS-ZPOP-FSWD,6,
SIT-AGT-BKBK-43,6,
SIT-FAR-BKBK-42,6,
SIT-FAR-BKBK-47,6,
SIT-FAR-BKBK-48,6,
SIT-ZTRD-GR-5L,6,
SIT-ZTT-WH-3S,6,
VES-ZJIANO-VU-5L,6,
VES-ZPMK-Z016-4M,6,
206311,6,
206704,6,
206710,6,
206810,6,
032-10-8251,6,
AGS-GEC-BKBK-3S,6,
AGS-GMH-BLBK-4M,6,
AGS-GTW-RDRD-6XL,6,
AGS-GVT-BKRD-7XXL,6,
AGS-HTQ-BKBK-7XXL,6,
AGS-JMS-BKWH-42,6,
AGS-JMS-BKWH-48,6,
AGT-JWR-BKBK-6XL,6,
AGT-KAP-BLJN-3032,6,
AGT-LSF-BKBK-4M,6,
AGT-TBL-BKFY-4M,6,
AGT-TMI-HVBK-6XL,6,
AGT-XTS-BKBK-5L,6,
FF-5021-5L,6,
FF-ZTW-BK-6XL,6,
SID-C2S-BKFG-47,6,
SID-C2S-BKFO-45,6,
SID-C2S-WYGY-44,6,
SID-XTR-BKFO-45,6,
SIS-M1A-FRBK-45,6,
SIS-ZC2ST-STL-BK,6,
SIT-ZTK-BK-5L,6,
SIT-ZTS-BKPK-5L,6,
VED-TAKU-C706-3S,6,
VES-ZPHR-Z0S-4M,6,
VES-ZPMK-Z014-4M,6,
VES-ZPMK-Z015-5L,6,
VES-ZPMK-Z019-4M,6,
VES-ZVSREV-SH-75,6,
AGS-GMH-BLBK-3S,6,
AGS-JLN-BKRD-6XL,6,
AGS-JMS-BKRD-46,6,
AGS-JMS-BKRD-48,6,
AGS-LXT-BKPR-6XL,6,
AGS-PWL-BKBK-36,6,
AGT-KAP-BLJN-3034,6,
AGT-KCF-FNBL-6XL,6,
AGT-KCO-BLJN-3232,6,
AGT-KCO-BLJN-3434,6,
AGT-TSO-BKFY-6XL,6,
AGT-TSO-BKGY-3S,6,
AGT-TSO-BKGY-5L,6,
SDS-GAS-BKBK-44,6,
SDS-GAS-BKBK-45,6,
SID-C2S-BKFO-43,6,
SID-C3S-WHWH-42,6,
SID-XTR-BKBK-42,6,
SID-XTR-BKFO-43,6,
SIS-FUS-BKBK-39,6,
SIS-FUS-WHBK-45,6,
SIS-M1A-FRBK-46,6,
SIS-ROR-BFRW-44,6,
SIS-VOA-BKBK-44,6,
SIT-AG2-BKBK-46,6,
SIT-DPR-BKBK-48,6,
SIT-GGT-BKBK-48,6,
SIT-ZTK-BK-6XL,6,
VED-TAKU-C712-6XL,6,
VED-TAKU-MTBK-4M,6,
VES-ZJIANO-SH-75,6,
VES-ZVSREV-SH-MI,6,
032-07-8251,6,
032-08-8251,6,
AGS-GTW-RDRD-5L,6,
AGS-GVT-BKBK-7XXL,6,
AGS-JMS-BKBK-48,6,
AGS-LAC-GMGM-2XS,6,
AGS-LAC-GMGM-6XL,6,
AGT-GMY-BKRD-5L,6,
AGT-GTR-BKBK-4M,6,
AGT-JNN-BKNC-4M,6,
AGT-JWR-BKBK-4M,6,
AGT-KAL-DBJN-3832,6,
AGT-KCO-BLJN-3630,6,
AGT-LAK-DBJN-14S,6,
AGT-TTU-BKBK-6XL,6,
FF-1004-4M,6,
FF-3016-6XL,6,
FF-ZTW-BK-5L,6,
SID-C3S-WBFR-44,6,
SID-C3S-WHWH-44,6,
SID-XTR-BKFY-42,6,
SID-XTR-WHBK-47,6,
SIS-M1A-FRBK-44,6,
SIS-SRD-BKBK-46,6,
SIT-BKR-BKFY-46,6,
AGS-GIN-BKWH-5L,6,
AGS-GMH-BLBK-5L,6,
AGS-GVT-BKWH-7XXL,6,
AGS-HTQ-BKBK-6XL,6,
AGS-LXT-BKHV-3S,6,
AGS-ZPOP-BNS,6,
AGT-JST-BKBK-4M,6,
AGT-LSF-BKBK-3S,6,
AGT-TSN-BKRD-6XL,6,
AGT-TSO-BKGY-4M,6,
AGT-XTR-BKBK-5L,6,
FF-1032-5L,6,
FF-3016-5L,6,
SID-C2S-BKBK-47,6,
SID-X3S-BKFO-43,6,
SID-XTR-BKFY-47,6,
SIS-FUS-BKBK-43,6,
SIS-ROR-BFRW-45,6,
SIT-BKR-BKBK-41,6,
SIT-BKR-BKBK-49,6,
SIT-ZCH-BL-4M,6,
SIT-ZTEN-GY-6XL,6,
SIT-ZTRD-GR-6XL,6,
SIT-ZTT-WH-6XL,6,
VED-TAKU-C712-3S,6,
VES-ZPMK-Z016-5L,6,
032-10-0207,6,
AGS-GEC-BKBK-7XXL,6,
AGS-GTW-BLBL-3S,6,
AGS-GTW-FLYL-5L,6,
AGT-GMY-BKBK-3S,6,
AGT-GMY-BKHV-5L,6,
AGT-KAL-DBJN-3232,6,
AGT-STH-BKBK-7XXL,6,
AGT-XTR-BKBK-7XXL,6,
SID-C2S-LBBK-45,6,
SID-C3S-FRAS-42,6,
SID-X3L-PWLB-43,6,
SID-X3S-BKFO-45,6,
SID-X3S-WHBK-43,6,
SID-X3S-WHBK-44,6,
SIS-M1A-WHBK-44,6,
SIS-M1A-WHBK-46,6,
SIS-ROR-BFRW-43,6,
SIS-ZC2ST-SR-YL,6,
SIT-ALG-BKBK-43,6,
SIT-FAR-BKBK-43,6,
SIT-ZMS-BK-5L,6,
VED-ZVRX9-CP-4M,6,
AGS-GEC-BKBK-4M,6,
AGS-GEC-BKBK-6XL,6,
AGS-GIN-BKRD-6XL,6,
AGS-JLN-BKWH-6XL,6,
AGS-LXT-BKPR-4M,6,
AGT-KAL-FBJN-3436,6,
AGT-KCF-FNRD-5L,6,
AGT-LSF-BKBK-5L,6,
AGT-TSO-BKBK-5L,6,
AGT-TVR-BKBK-5L,6,
AGT-XTS-BKBK-6XL,6,
FF-30122-4M,6,
SID-C2S-BKBK-48,6,
SID-C2S-BKRD-43,6,
SID-C2S-BKWH-44,6,
SID-X3S-BKBK-44,6,
SID-X3S-BKFO-46,6,
SID-XTR-BKFO-44,6,
SID-ZC3S-BK-4243,6,
SIS-FUS-WHBK-44,6,
SIS-SRD-BKBK-42,6,
SIT-DPR-BKBK-47,6,
SIT-FAR-BKBK-45,6,
SIT-GGT-BKBK-45,6,
SIT-GGT-BKBK-49,6,
VED-TAKU-C706-4M,6,
VED-TAKU-MTBK-5L,6,
VED-ZVRX9-CP-5L,6,
VES-ZPMK-Z014-5L,6,
206870,6,
AGS-GMH-WHBK-7XXL,6,
AGS-GTW-BLBL-5L,6,
AGS-GTW-BLBL-6XL,6,
AGT-JNN-BKNC-7XXL,6,
AGT-KAL-DBJN-3030,6,
AGT-KAP-BLJN-3236,6,
AGT-TSN-BKBK-5L,6,
AGT-TSN-BKGM-7XXL,6,
AGT-TSO-BKFY-7XXL,6,
FF-3026-5L,6,
SDS-FRN-BKBK-43,6,
SID-C3S-FRAS-43,6,
SID-X3S-WHBK-45,6,
SID-X3S-WHBK-46,6,
SID-XTR-BKFY-46,6,
SIS-FUS-WHBK-43,6,
SIS-ROR-BKBK-43,6,
SIT-BKR-BKBK-40,6,
SIT-GGL-BKBK-40,6,
SIT-ZTT-WH-4M,6,
VES-ZPMK-Z019-5L,6,
AGS-GTW-FLYL-4M,6,
AGS-JAC-GMGM-4M,6,
AGS-JLN-BKRD-4M,6,
AGS-LAC-GMGM-5L,6,
AGT-KAL-DBJN-3434,6,
AGT-TSN-BKBK-7XXL,6,
FF-3010-4M,6,
FF-3010-5L,6,
FF-5022-4M,6,
SDS-ART-BKBK-43,6,
SID-C2S-BKBK-42,6,
SID-X3S-BKBK-45,6,
SID-XTR-WLBB-44,6,
SIS-MA1-BKBK-45,6,
SIS-ZC2ST-BU-RD,6,
VES-ZJIANO-IS-5L,6,
AGS-GIN-BKBK-7XXL,6,
AGS-GMH-WHBK-4M,6,
AGS-GTW-WHWH-3S,6,
AGT-GTR-BKBK-5L,6,
AGT-JCW-BKBK-7XXL,6,
AGT-JST-BKBK-6XL,6,
AGT-KAP-BLJN-3234,6,
FF-3010-6XL,6,
SDS-ART-BKBK-44,6,
SID-C2S-BKFY-44,6,
SID-C2S-WHWH-44,6,
SID-C3S-WBFR-43,6,
SID-C3S-WBFY-45,6,
SIT-ZTF-GN-4M,6,
VED-TAKU-C712-4M,6,
AGS-GTW-BLBL-4M,6,
AGS-JLN-BKWH-5L,6,
AGS-JMS-BKRD-42,6,
AGT-JST-BLBK-5L,6,
AGT-TSO-BKGY-6XL,6,
AGT-TVR-BKBK-6XL,6,
AGT-XSS-BKBK-6XL,6,
FF-3029-4M,6,
SID-C2S-BKBK-43,6,
SID-XTR-BKFY-45,6,
SID-XTR-WHBK-45,6,
SIT-ZTF-GN-6XL,6,
VES-ZPHR-Z0S-5L,6,
206308,6,
AGS-GTW-WHWH-6XL,6,
AGS-JLN-BKRD-5L,6,
AGS-JLN-BKWH-4M,6,
AGS-JMS-BKWH-44,6,
AGT-LON-BKBK-3S,6,
AGT-TMI-HVBK-4M,6,
AGT-XSS-BKBK-7XXL,6,
SIS-MA1-BKBK-43,6,
SIT-ZTS-LBYL-3S,6,
AGS-GIN-BKRD-5L,6,
AGS-JAC-GMGM-7XXL,6,
AGT-KCF-FNBL-5L,6,
SID-C3S-WBFY-44,6,
SID-XTR-BKBK-46,6,
SIT-GGT-BKBK-47,6,
VED-TAKU-C712-5L,6,
207232,6,
AGS-GVT-BKBK-5L,6,
AGS-JLN-BKBK-6XL,6,
AGS-LTW-BKBK-3S,6,
AGS-LXT-BKHV-4M,6,
AGS-LXT-WHBK-3S,6,
AGT-KAL-DBJN-3436,6,
AGT-TSN-BKBK-4M,6,
AGT-XSS-BKBK-5L,6,
SID-XTR-WHBK-46,6,
SID-ZCFR-PIV-COV,6,
SIT-AG2-BKBK-47,6,
SIT-DPR-BKBK-42,6,
SIT-ZTT-WH-5L,6,
206817,6,
207608,6,
AGS-GVT-BKBK-3S,6,
AGS-JLN-BKBK-4M,6,
AGT-STH-FLYL-6XL,6,
AGT-TSO-BKBK-6XL,6,
FF-4009-TH,6,
FF-5025-4M,6,
SID-C2S-BKRD-44,6,
SID-XTR-WLBB-45,6,
SIT-BKR-BKFY-43,6,
SIT-FAR-BKBK-46,6,
SIT-GGT-BKBK-46,6,
SIT-ZTF-GN-5L,6,
VES-ZSTO-SH-00,6,
AGS-GEC-BKBK-5L,6,
AGS-GEC-RDRD-5L,6,
AGS-GMH-BKBK-4M,6,
AGS-JMS-BKRD-44,6,
AGS-LAC-GMGM-3S,6,
AGS-LXT-BKWH-5L,6,
AGT-LON-BKBK-4M,6,
AGT-LON-BKBK-5L,6,
AGT-TSN-BKGM-6XL,6,
SID-C2S-BKBK-46,6,
SID-XTR-BKBK-43,6,
SIS-ZC2ST-STS-BK,6,
SIT-FAR-BKBK-44,6,
AGS-GVY-BKBK-4M,6,
AGT-JNN-BKNC-6XL,6,
AGT-TSN-BKBK-6XL,6,
SID-C2S-BKFG-43,6,
SID-C2S-BKWH-45,6,
SIT-GGT-BKBK-44,6,
SIT-ZTEN-GY-5L,6,
VED-TAKU-C706-5L,6,
AGS-GMH-BKBK-3S,6,
AGS-GMH-RDBK-5L,6,
AGS-GVT-BKWH-6XL,6,
AGS-JMS-BKBK-46,6,
AGS-JTR-BKBK-5L,6,
AGS-LTW-BKBK-5L,6,
AGT-KAL-DBJN-3430,6,
AGT-TSN-BKBL-6XL,6,
SID-C3S-FRAS-45,6,
SIS-MA1-BKBK-44,6,
SIS-SRD-BKBK-45,6,
AGS-JLN-BKBK-5L,6,
AGT-JCW-BKBK-5L,6,
AGT-JST-BKBK-5L,6,
FF-3029-5L,6,
SID-C3S-BAFY-45,6,
SIS-ZPOP-ISD,6,
SIT-AG2-BKBK-45,6,
SIT-ZFS-FO-3S,6,
AGS-GMH-WHBK-6XL,6,
AGT-GGT-BKBK-3S,6,
FF-5023,6,
SIS-M1A-WHBK-45,6,
AGS-JMS-BKBK-40,6,
SID-C3S-BAFY-43,6,
SID-C3S-WHWH-46,6,
AGS-GMH-WHBK-3S,6,
AGT-JNN-BKNC-5L,6,
AGT-XTR-BKBK-6XL,6,
FF-1023-011,6,
SID-C2S-BKBK-45,6,
SID-XTR-BKBK-47,6,
SIT-ZFS-BK-3S,6,
SIT-ZTS-BKGR-3S,6,
AGS-JAC-GMGM-6XL,6,
AGS-JMS-BKBK-44,6,
SDS-FRN-BKBK-44,6,
SID-C2S-BKBK-44,6,
SID-C3S-WBFY-43,6,
SID-X3L-PWLB-40,6,
SID-ZC3S-BK-4445,6,
AGS-GIN-BKBK-3S,6,
AGS-GTW-BKBK-4M,6,
AGS-LAC-GMGM-4M,6,
AGT-STH-BKBK-6XL,6,
AGT-TSN-BKBL-5L,6,
FF-5024,6,
SDS-GSL-GYGY-40,6,
SID-C3S-BAFY-44,6,
SID-C3S-BKBK-46,6,
SID-C3S-WHWH-45,6,
SIS-ZPOP-SSRD,6,
206202,6,
AGS-GTW-WHWH-4M,6,
AGS-LXT-BKPR-5L,6,
FF-1004-5L,6,
SID-C3S-BKBK-45,6,
SIT-BKR-BKFY-45,6,
VES-ZJIANO-SH-00,6,
VES-ZSTO-SH-75,6,
208225,6,
AGT-KAL-FBJN-3032,6,
SID-XTR-BKBK-45,6,
SID-ZSE-BK-4546,6,
AGS-LXT-BKWH-6XL,6,
AGT-KAL-DBJN-3034,6,
AGT-TMI-HVBK-5L,6,
AGT-XAR-BKBK-4M,6,
FF-3016-4M,6,
SID-C3S-WHWH-43,6,
SID-XTR-WHBK-44,6,
AGS-GMH-BKBK-6XL,6,
AGS-GVT-BKBL-5L,6,
AGS-JAC-GMGM-5L,6,
AGS-PWL-BKBK-32,6,
FF-4004-TK,6,
SID-C3S-BKBK-43,6,
206826,6,
AGS-GTW-BKBK-3S,6,
SID-C2S-BKFO-44,6,
SIS-ZPOP-CPT-4M,6,
SIT-BKR-BKBK-42,6,
SIT-AG2-BKBK-44,6,
AGS-GIN-BKBK-6XL,6,
AGS-GVT-BKWH-3S,6,
AGT-GGT-BKBK-4M,6,
SIS-SRD-BKBK-44,6,
SIT-BKR-BKBK-44,6,
AGS-GTW-WHWH-5L,6,
AGS-GVT-BKBK-6XL,6,
SID-XTR-BKBK-44,6,
SID-ZC3S-BK-4647,6,
SIT-BKR-BKBK-47,6,
AGS-LXT-BKWH-4M,6,
AGT-KAL-FBJN-3236,6,
SIT-BKR-BKBK-45,6,
AGS-LXT-BKWH-3S,6,
AGT-GGT-BKBK-5L,6,
SID-XTR-BKFY-43,6,
SID-XTR-BKFY-44,6,
SIT-DPR-BKBK-46,6,
AGT-KAL-FBJN-3232,6,
SIS-SRD-BKBK-43,6,
SIT-AG2-BKBK-43,6,
FF-5025-5L,6,
SIT-BKR-BKBK-43,6,
207231,6,
FF-1032-3S,6,
AGS-GIN-BKBK-4M,6,
AGS-LTW-BKBK-4M,6,
AGT-KEX-OLIV-3232,6,
FF-ZPOP-CD1,6,
SID-XTR-WLBB-43,6,
SIT-BKR-BKBK-48,6,
SIT-DPR-BKBK-43,6,
SIT-ZTS-BKGR-5L,6,
208600,6,
AGS-GTW-BKBK-5L,6,
AGT-GGT-BKBK-7XXL,6,
AGT-KAL-FBJN-3234,6,
VES-ZJIANO-IS-4M,6,
AGT-KAL-DBJN-3032,6,
AGT-JCW-BKBK-6XL,6,
SIT-GGT-BKBK-43,6,
206601,6,
AGT-TSN-BKGM-4M,6,
AGS-JMS-BKBK-42,6,
AGS-LXT-WHBK-5L,6,
206305,6,
AGS-GTW-BKBK-6XL,6,
AGT-KAL-FBJN-3034,6,
SIT-DPR-BKBK-44,6,
AGS-GMH-WHBK-5L,6,
FF-ZPOP-CS,6,
FF-4004-TH,6,
SIT-DPR-BKBK-45,6,
AGS-LXT-WHBK-4M,6,
AGT-KAL-FBJN-3036,6,
FF-ZBL-BKRD,6,
SIT-BKR-BKBK-46,6,
SIT-ZFS-FY-3S,6,
SID-C3S-BKBK-44,6,
AGT-KAL-DBJN-3036,6,
AGS-GMH-BKBK-5L,6,
FF-3014-4M,6,
SID-ZPOP-C3SACD,6,
208230,6,
AGS-GIN-BKBK-5L,6,
SID-XTR-WHBK-43,6,
SID-ZHS-RD-OS,6,
AGT-GGT-BKBK-6XL,6,
AGT-XTR-BKBK-4M,6,
SID-C3S-FRAS-44,6,
208502,6,
SIT-ZFS-BK-5L,6,
AGT-ZKSE-OS,6,
AGS-GVT-BKWH-4M,6,
FF-1032-4M,6,
206100,6,
208504,6,
AGT-XSO-BKBK-6XL,6,
208112,6,
AGS-GVT-BKWH-5L,6,
207234,6,
AGT-KAL-DBJN-3236,6,
206201,6,
208226,6,
10903001000,6,
206750,6,
AGT-KAL-DBJN-3234,6,
207016,6,
208500,6,
MOT-BRNK,6,
SIT-ZFS-FO-5L,6,
SID-ZPOP-C2SD,6,
206914,6,
FF-ZDEC-WIN,6,
SID-ZPOP-C3SWD,6,
SIS-ZPOP-MA1WD,6,
SIS-ZPOP-RORWD,6,
SIS-ZPOP-VORWD,6,
AGS-ZPOP-AGV-SGN,6,
207111,6,
208503,6,
SID-ZHS-BK-OS,6,
FF-ZDEC-3011,6,
SIS-ZPOP-WBT-BL,6,
SIS-ZPOP-TNT,6,
FF-ZDEC-30RN,6,
208111,6,
